code	des	gender	case	control	ratio	prevalence	bias
20002_1065	hypertension	female	42047	140661	0.881710283509478	0.23013223285242	no
20002_1065	hypertension	male	47688	110243	0.881710283509478	0.301954651081802	no
20002_1065	hypertension	both	89735	250904	0.881710283509478	0.263431374563688	no
20002_1066	heart/cardiac problem	female	532	182176	0.943262411347518	0.00291174989600893	no
20002_1066	heart/cardiac problem	male	564	157367	0.943262411347518	0.0035711798190349	no
20002_1066	heart/cardiac problem	both	1096	339543	0.943262411347518	0.00321748243741909	no
20002_1067	peripheral vascular disease	female	375	182333	1.64473684210526	0.00205245528384088	no
20002_1067	peripheral vascular disease	male	228	157703	1.64473684210526	0.00144366843748219	no
20002_1067	peripheral vascular disease	both	603	340036	1.64473684210526	0.00177020247241214	no
20002_1072	essential hypertension	female	974	181734	0.984833164812942	0.00533091052389605	no
20002_1072	essential hypertension	male	989	156942	0.984833164812942	0.00626222844153459	no
20002_1072	essential hypertension	both	1963	338676	0.984833164812942	0.00576269892760371	no
20002_1073	gestational hypertension/pre-eclampsia	female	1347	181361	673.5	0.00737241937955645	Female specific
20002_1073	gestational hypertension/pre-eclampsia	male	2	157929	673.5	1.2663758223528e-05	Female specific
20002_1073	gestational hypertension/pre-eclampsia	both	1349	339290	673.5	0.00396020420445105	Female specific
20002_1074	angina	female	3399	179309	0.465043097550965	0.0186034546927338	no
20002_1074	angina	male	7309	150622	0.465043097550965	0.0462797044278831	no
20002_1074	angina	both	10708	329931	0.465043097550965	0.0314350382663171	no
20002_1075	heart attack/myocardial infarction	female	1424	181284	0.230234438156831	0.00779385686450511	Male
20002_1075	heart attack/myocardial infarction	male	6185	151746	0.230234438156831	0.0391626723062603	Male
20002_1075	heart attack/myocardial infarction	both	7609	333030	0.230234438156831	0.0223374305349652	Male
20002_1076	heart failure/pulmonary odema	female	90	182618	0.608108108108108	0.000492589268121812	no
20002_1076	heart failure/pulmonary odema	male	148	157783	0.608108108108108	0.000937118108541072	no
20002_1076	heart failure/pulmonary odema	both	238	340401	0.608108108108108	0.000698686879658524	no
20002_1077	heart arrhythmia	female	921	181787	0.982924226254002	0.00504083017711321	no
20002_1077	heart arrhythmia	male	937	156994	0.982924226254002	0.00593297072772287	no
20002_1077	heart arrhythmia	both	1858	338781	0.982924226254002	0.00545445471598965	no
20002_1078	heart valve problem/heart murmur	female	1384	181324	1.52590959206174	0.00757492830089542	no
20002_1078	heart valve problem/heart murmur	male	907	157024	1.52590959206174	0.00574301435436995	no
20002_1078	heart valve problem/heart murmur	both	2291	338348	1.52590959206174	0.00672559513150285	no
20002_1079	cardiomyopathy	female	90	182618	0.489130434782609	0.000492589268121812	no
20002_1079	cardiomyopathy	male	184	157747	0.489130434782609	0.00116506575656458	no
20002_1079	cardiomyopathy	both	274	340365	0.489130434782609	0.000804370609354772	no
20002_1080	pericardial problem	female	54	182654	0.45	0.000295553560873087	no
20002_1080	pericardial problem	male	120	157811	0.45	0.00075982549341168	no
20002_1080	pericardial problem	both	174	340465	0.45	0.000510804693531862	no
20002_1081	stroke	female	1790	180918	0.651619949035311	0.00979705322153381	no
20002_1081	stroke	male	2747	155184	0.651619949035311	0.0173936719200157	no
20002_1081	stroke	both	4537	336102	0.651619949035311	0.0133190856008854	no
20002_1082	transient ischaemic attack (tia)	female	567	182141	0.764150943396226	0.00310331238916742	no
20002_1082	transient ischaemic attack (tia)	male	742	157189	0.764150943396226	0.00469825430092889	no
20002_1082	transient ischaemic attack (tia)	both	1309	339330	0.764150943396226	0.00384277783812188	no
20002_1083	subdural haemorrhage/haematoma	female	53	182655	0.588888888888889	0.000290080346782845	no
20002_1083	subdural haemorrhage/haematoma	male	90	157841	0.588888888888889	0.00056986912005876	no
20002_1083	subdural haemorrhage/haematoma	both	143	340496	0.588888888888889	0.00041979925962676	no
20002_1086	subarachnoid haemorrhage	female	165	182543	1.21323529411765	0.000903080324889988	no
20002_1086	subarachnoid haemorrhage	male	136	157795	1.21323529411765	0.000861135559199904	no
20002_1086	subarachnoid haemorrhage	both	301	340338	1.21323529411765	0.000883633406626957	no
20002_1087	leg claudication/ intermittent claudication	female	78	182630	0.456140350877193	0.000426910699038904	no
20002_1087	leg claudication/ intermittent claudication	male	171	157760	0.456140350877193	0.00108275132811164	no
20002_1087	leg claudication/ intermittent claudication	both	249	340390	0.456140350877193	0.000730979130399044	no
20002_1093	pulmonary embolism +/- dvt	female	1506	181202	1.17748240813135	0.00824266041990498	no
20002_1093	pulmonary embolism +/- dvt	male	1279	156652	1.17748240813135	0.00809847338394616	no
20002_1093	pulmonary embolism +/- dvt	both	2785	337854	1.17748240813135	0.00817581075566802	no
20002_1094	deep venous thrombosis (dvt)	female	3942	178766	1.38705137227305	0.0215754099437354	no
20002_1094	deep venous thrombosis (dvt)	male	2842	155089	1.38705137227305	0.0179952004356333	no
20002_1094	deep venous thrombosis (dvt)	both	6784	333855	1.38705137227305	0.0199155117294262	no
20002_1111	asthma	female	22721	159987	1.32491690477579	0.124356897344397	no
20002_1111	asthma	male	17149	140782	1.32491690477579	0.108585394887641	no
20002_1111	asthma	both	39870	300769	1.32491690477579	0.117044730638594	no
20002_1112	chronic obstructive airways disease/copd	female	595	182113	1.01362862010221	0.0032565623836942	no
20002_1112	chronic obstructive airways disease/copd	male	587	157344	1.01362862010221	0.00371681303860547	no
20002_1112	chronic obstructive airways disease/copd	both	1182	339457	1.01362862010221	0.00346994912502679	no
20002_1113	emphysema/chronic bronchitis	female	2185	180523	0.903639371381307	0.0119589727871795	no
20002_1113	emphysema/chronic bronchitis	male	2418	155513	0.903639371381307	0.0153104836922453	no
20002_1113	emphysema/chronic bronchitis	both	4603	336036	0.903639371381307	0.0135128391053285	no
20002_1114	bronchiectasis	female	513	182195	1.80633802816901	0.00280775882829433	no
20002_1114	bronchiectasis	male	284	157647	1.80633802816901	0.00179825366774098	no
20002_1114	bronchiectasis	both	797	339842	1.80633802816901	0.00233972034910859	no
20002_1115	interstitial lung disease	female	24	182684	0.315789473684211	0.000131357138165817	no
20002_1115	interstitial lung disease	male	76	157855	0.315789473684211	0.000481222812494064	no
20002_1115	interstitial lung disease	both	100	340539	0.315789473684211	0.000293565915822909	no
20002_1117	other respiratory problems	female	276	182432	1.01098901098901	0.00151060708890689	no
20002_1117	other respiratory problems	male	273	157658	1.01098901098901	0.00172860299751157	no
20002_1117	other respiratory problems	both	549	340090	1.01098901098901	0.00161167687786777	no
20002_1120	asbestosis	female	2	182706	0.0186915887850467	1.09464281804847e-05	Male
20002_1120	asbestosis	male	107	157824	0.0186915887850467	0.000677511064958748	Male
20002_1120	asbestosis	both	109	340530	0.0186915887850467	0.000319986848246971	Male
20002_1123	sleep apnoea	female	276	182432	0.307007786429366	0.00151060708890689	no
20002_1123	sleep apnoea	male	899	157032	0.307007786429366	0.00569235932147584	no
20002_1123	sleep apnoea	both	1175	339464	0.307007786429366	0.00344939951091918	no
20002_1125	pleurisy	female	661	182047	1.1740674955595	0.0036177945136502	no
20002_1125	pleurisy	male	563	157368	1.1740674955595	0.00356484793992313	no
20002_1125	pleurisy	both	1224	339415	1.1740674955595	0.00359324680967241	no
20002_1126	spontaneous pneumothorax/recurrent pneumothorax	female	204	182504	0.350515463917526	0.00111653567440944	no
20002_1126	spontaneous pneumothorax/recurrent pneumothorax	male	582	157349	0.350515463917526	0.00368515364304665	no
20002_1126	spontaneous pneumothorax/recurrent pneumothorax	both	786	339853	0.350515463917526	0.00230742809836807	no
20002_1134	oesophageal disorder	female	100	182608	1.03092783505155	0.000547321409024236	no
20002_1134	oesophageal disorder	male	97	157834	1.03092783505155	0.000614192273841108	no
20002_1134	oesophageal disorder	both	197	340442	1.03092783505155	0.000578324854171131	no
20002_1135	stomach disorder	female	353	182355	0.951482479784367	0.00193204457385555	no
20002_1135	stomach disorder	male	371	157560	0.951482479784367	0.00234912715046444	no
20002_1135	stomach disorder	both	724	339915	0.951482479784367	0.00212541723055786	no
20002_1136	liver/biliary/pancreas problem	female	312	182396	1.12230215827338	0.00170764279615561	no
20002_1136	liver/biliary/pancreas problem	male	278	157653	1.12230215827338	0.00176026239307039	no
20002_1136	liver/biliary/pancreas problem	both	590	340049	1.12230215827338	0.00173203890335516	no
20002_1137	other abdominal problem	female	218	182490	1.35403726708075	0.00119316067167283	no
20002_1137	other abdominal problem	male	161	157770	1.35403726708075	0.001019432536994	no
20002_1137	other abdominal problem	both	379	340260	1.35403726708075	0.00111261482096883	no
20002_1138	gastro-oesophageal reflux (gord) / gastric reflux	female	7632	175076	1.05985279822247	0.0417715699367296	no
20002_1138	gastro-oesophageal reflux (gord) / gastric reflux	male	7201	150730	1.05985279822247	0.0455958614838126	no
20002_1138	gastro-oesophageal reflux (gord) / gastric reflux	both	14833	325806	1.05985279822247	0.0435446322940121	no
20002_1139	oesophagitis/barretts oesophagus	female	450	182258	0.75503355704698	0.00246294634060906	no
20002_1139	oesophagitis/barretts oesophagus	male	596	157335	0.75503355704698	0.00377379995061134	no
20002_1139	oesophagitis/barretts oesophagus	both	1046	339593	0.75503355704698	0.00307069947950763	no
20002_1142	gastric/stomach ulcers	female	1067	181641	0.723880597014925	0.00583991943428859	no
20002_1142	gastric/stomach ulcers	male	1474	156457	0.723880597014925	0.00933318981074013	no
20002_1142	gastric/stomach ulcers	both	2541	338098	0.723880597014925	0.00745950992106013	no
20002_1143	gastritis/gastric erosions	female	332	182376	1.296875	0.00181710707796046	no
20002_1143	gastritis/gastric erosions	male	256	157675	1.296875	0.00162096105261158	no
20002_1143	gastritis/gastric erosions	both	588	340051	1.296875	0.00172616758503871	no
20002_1154	irritable bowel syndrome	female	6042	176666	2.72530446549391	0.0330691595332443	no
20002_1154	irritable bowel syndrome	male	2217	155714	2.72530446549391	0.0140377759907808	no
20002_1154	irritable bowel syndrome	both	8259	332380	2.72530446549391	0.0242456089878141	no
20002_1155	hepatitis	female	186	182522	0.881516587677725	0.00101801782078508	no
20002_1155	hepatitis	male	211	157720	0.881516587677725	0.0013360264925822	no
20002_1155	hepatitis	both	397	340242	0.881516587677725	0.00116545668581695	no
20002_1156	infective/viral hepatitis	female	377	182331	0.854875283446712	0.00206340171202137	no
20002_1156	infective/viral hepatitis	male	441	157490	0.854875283446712	0.00279235868828792	no
20002_1156	infective/viral hepatitis	both	818	339821	0.854875283446712	0.0024013691914314	no
20002_1157	non-infective hepatitis	female	198	182510	1.22981366459627	0.00108369638986799	no
20002_1157	non-infective hepatitis	male	161	157770	1.22981366459627	0.001019432536994	no
20002_1157	non-infective hepatitis	both	359	340280	1.22981366459627	0.00105390163780424	no
20002_1158	liver failure/cirrhosis	female	118	182590	0.921875	0.000645839262648598	no
20002_1158	liver failure/cirrhosis	male	128	157803	0.921875	0.000810480526305792	no
20002_1158	liver failure/cirrhosis	both	246	340393	0.921875	0.000722172152924357	no
20002_1161	gall bladder disease	female	132	182576	2.12903225806452	0.000722464259911991	no
20002_1161	gall bladder disease	male	62	157869	2.12903225806452	0.000392576504929368	no
20002_1161	gall bladder disease	both	194	340445	2.12903225806452	0.000569517876696444	no
20002_1162	cholelithiasis/gall stones	female	4308	178400	3.31384615384615	0.0235786063007641	no
20002_1162	cholelithiasis/gall stones	male	1300	156631	3.31384615384615	0.0082314428452932	no
20002_1162	cholelithiasis/gall stones	both	5608	335031	3.31384615384615	0.0164631765593488	no
20002_1163	cholecystitis	female	248	182460	2.61052631578947	0.0013573570943801	no
20002_1163	cholecystitis	male	95	157836	2.61052631578947	0.00060152851561758	no
20002_1163	cholecystitis	both	343	340296	2.61052631578947	0.00100693109127258	no
20002_1165	pancreatitis	female	347	182361	0.948087431693989	0.0018992052893141	no
20002_1165	pancreatitis	male	366	157565	0.948087431693989	0.00231746775490562	no
20002_1165	pancreatitis	both	713	339926	0.948087431693989	0.00209312497981734	no
20002_1190	peritonitis	female	589	182119	1.02972027972028	0.00322372309915275	no
20002_1190	peritonitis	male	572	157359	1.02972027972028	0.00362183485192901	no
20002_1190	peritonitis	both	1161	339478	1.02972027972028	0.00340830028270398	no
20002_1191	gastrointestinal bleeding	female	50	182658	0.675675675675676	0.000273660704512118	no
20002_1191	gastrointestinal bleeding	male	74	157857	0.675675675675676	0.000468559054270536	no
20002_1191	gastrointestinal bleeding	both	124	340515	0.675675675675676	0.000364021735620408	no
20002_1192	renal/kidney failure	female	76	182632	0.926829268292683	0.000415964270858419	no
20002_1192	renal/kidney failure	male	82	157849	0.926829268292683	0.000519214087164648	no
20002_1192	renal/kidney failure	both	158	340481	0.926829268292683	0.000463834147000197	no
20002_1193	renal failure requiring dialysis	female	66	182642	0.559322033898305	0.000361232129955995	no
20002_1193	renal failure requiring dialysis	male	118	157813	0.559322033898305	0.000747161735188152	no
20002_1193	renal failure requiring dialysis	both	184	340455	0.559322033898305	0.000540161285114153	no
20002_1194	renal failure not requiring dialysis	female	132	182576	0.88	0.000722464259911991	no
20002_1194	renal failure not requiring dialysis	male	150	157781	0.88	0.0009497818667646	no
20002_1194	renal failure not requiring dialysis	both	282	340357	0.88	0.000827855882620604	no
20002_1196	urinary tract infection/kidney infection	female	1132	181576	2.17692307692308	0.00619567835015435	no
20002_1196	urinary tract infection/kidney infection	male	520	157411	2.17692307692308	0.00329257713811728	no
20002_1196	urinary tract infection/kidney infection	both	1652	338987	2.17692307692308	0.00484970892939446	no
20002_1197	kidney stone/ureter stone/bladder stone	female	840	181868	0.417495029821074	0.00459749983580358	no
20002_1197	kidney stone/ureter stone/bladder stone	male	2012	155919	0.417495029821074	0.0127397407728692	no
20002_1197	kidney stone/ureter stone/bladder stone	both	2852	337787	0.417495029821074	0.00837249991926937	no
20002_1200	ureteric obstruction/hydronephrosis	female	85	182623	0.54140127388535	0.0004652231976706	no
20002_1200	ureteric obstruction/hydronephrosis	male	157	157774	0.54140127388535	0.000994105020546948	no
20002_1200	ureteric obstruction/hydronephrosis	both	242	340397	0.54140127388535	0.000710429516291441	no
20002_1201	bladder problem (not cancer)	female	1324	181384	1.96731054977712	0.00724653545548088	no
20002_1201	bladder problem (not cancer)	male	673	157258	1.96731054977712	0.00426135464221717	no
20002_1201	bladder problem (not cancer)	both	1997	338642	1.96731054977712	0.0058625113389835	no
20002_1202	urinary frequency / incontinence	female	1069	181639	1.50351617440225	0.00585086586246908	no
20002_1202	urinary frequency / incontinence	male	711	157220	1.50351617440225	0.0045019660484642	no
20002_1202	urinary frequency / incontinence	both	1780	338859	1.50351617440225	0.00522547330164779	no
20002_1207	prostate problem (not cancer)	female	2	182706	0.0033003300330033	1.09464281804847e-05	Male specific
20002_1207	prostate problem (not cancer)	male	606	157325	0.0033003300330033	0.00383711874172898	Male specific
20002_1207	prostate problem (not cancer)	both	608	340031	0.0033003300330033	0.00178488076820329	Male specific
20002_1214	testicular problems (not cancer)	female	1	182707	0.00205761316872428	5.47321409024235e-06	Male specific
20002_1214	testicular problems (not cancer)	male	486	157445	0.00205761316872428	0.0030772932483173	Male specific
20002_1214	testicular problems (not cancer)	both	487	340152	0.00205761316872428	0.00142966601005757	Male specific
20002_1220	diabetes	female	5614	177094	0.57775033446537	0.0307266239026206	no
20002_1220	diabetes	male	9717	148214	0.57775033446537	0.0615268693290108	no
20002_1220	diabetes	both	15331	325308	0.57775033446537	0.0450065905548102	no
20002_1221	gestational diabetes	female	182	182526	5.35294117647059	0.000996124964424108	Female
20002_1221	gestational diabetes	male	34	157897	5.35294117647059	0.000215283889799976	Female
20002_1221	gestational diabetes	both	216	340423	5.35294117647059	0.000634102378177484	Female
20002_1222	type 1 diabetes	female	158	182550	0.993710691823899	0.000864767826258292	no
20002_1222	type 1 diabetes	male	159	157772	0.993710691823899	0.00100676877877048	no
20002_1222	type 1 diabetes	both	317	340322	0.993710691823899	0.000930603953158622	no
20002_1223	type 2 diabetes	female	981	181727	0.616206030150754	0.00536922302252775	no
20002_1223	type 2 diabetes	male	1592	156339	0.616206030150754	0.0100803515459283	no
20002_1223	type 2 diabetes	both	2573	338066	0.616206030150754	0.00755345101412346	no
20002_1224	thyroid problem (not cancer)	female	776	181932	5.10526315789474	0.00424721413402807	Female
20002_1224	thyroid problem (not cancer)	male	152	157779	5.10526315789474	0.000962445624988128	Female
20002_1224	thyroid problem (not cancer)	both	928	339711	5.10526315789474	0.0027242916988366	Female
20002_1225	hyperthyroidism/thyrotoxicosis	female	2128	180580	4.17254901960784	0.0116469995840357	Female
20002_1225	hyperthyroidism/thyrotoxicosis	male	510	157421	4.17254901960784	0.00322925834699964	Female
20002_1225	hyperthyroidism/thyrotoxicosis	both	2638	338001	4.17254901960784	0.00774426885940835	Female
20002_1226	hypothyroidism/myxoedema	female	13889	168819	5.35634400308523	0.0760174704993761	Female
20002_1226	hypothyroidism/myxoedema	male	2593	155338	5.35634400308523	0.016418562536804	Female
20002_1226	hypothyroidism/myxoedema	both	16482	324157	5.35634400308523	0.0483855342459319	Female
20002_1229	parathyroid gland problem (not cancer)	female	83	182625	2.76666666666667	0.000454276769490115	no
20002_1229	parathyroid gland problem (not cancer)	male	30	157901	2.76666666666667	0.00018995637335292	no
20002_1229	parathyroid gland problem (not cancer)	both	113	340526	2.76666666666667	0.000331729484879888	no
20002_1234	adrenocortical insufficiency/addison's disease	female	81	182627	1.76086956521739	0.000443330341309631	no
20002_1234	adrenocortical insufficiency/addison's disease	male	46	157885	1.76086956521739	0.000291266439141144	no
20002_1234	adrenocortical insufficiency/addison's disease	both	127	340512	1.76086956521739	0.000372828713095095	no
20002_1238	pituitary adenoma/tumour	female	147	182561	1.54736842105263	0.000804562471265626	no
20002_1238	pituitary adenoma/tumour	male	95	157836	1.54736842105263	0.00060152851561758	no
20002_1238	pituitary adenoma/tumour	both	242	340397	1.54736842105263	0.000710429516291441	no
20002_1242	eye/eyelid problem	female	1496	181212	1.26565143824027	0.00818792827900256	no
20002_1242	eye/eyelid problem	male	1182	156749	1.26565143824027	0.00748428111010505	no
20002_1242	eye/eyelid problem	both	2678	337961	1.26565143824027	0.00786169522573751	no
20002_1243	psychological/psychiatric problem	female	187	182521	1.25503355704698	0.00102349103487532	no
20002_1243	psychological/psychiatric problem	male	149	157782	1.25503355704698	0.000943449987652836	no
20002_1243	psychological/psychiatric problem	both	336	340303	1.25503355704698	0.000986381477164975	no
20002_1246	encephalitis	female	121	182587	1.32967032967033	0.000662258904919325	no
20002_1246	encephalitis	male	91	157840	1.32967032967033	0.000576200999170524	no
20002_1246	encephalitis	both	212	340427	1.32967032967033	0.000622359741544568	no
20002_1247	meningitis	female	709	181999	1.07261724659607	0.00388050878998183	no
20002_1247	meningitis	male	661	157270	1.07261724659607	0.004185372092876	no
20002_1247	meningitis	both	1370	339269	1.07261724659607	0.00402185304677386	no
20002_1249	cranial nerve problem/palsy	female	123	182585	2.15789473684211	0.00067320533309981	no
20002_1249	cranial nerve problem/palsy	male	57	157874	2.15789473684211	0.000360917109370548	no
20002_1249	cranial nerve problem/palsy	both	180	340459	2.15789473684211	0.000528418648481237	no
20002_1250	bell's palsy/facial nerve palsy	female	209	182499	1.44137931034483	0.00114390174486065	no
20002_1250	bell's palsy/facial nerve palsy	male	145	157786	1.44137931034483	0.00091812247120578	no
20002_1250	bell's palsy/facial nerve palsy	both	354	340285	1.44137931034483	0.0010392233420131	no
20002_1251	spinal cord disorder	female	190	182518	1.31034482758621	0.00103991067714605	no
20002_1251	spinal cord disorder	male	145	157786	1.31034482758621	0.00091812247120578	no
20002_1251	spinal cord disorder	both	335	340304	1.31034482758621	0.000983445818006746	no
20002_1254	peripheral nerve disorder	female	94	182614	1.18987341772152	0.000514482124482781	no
20002_1254	peripheral nerve disorder	male	79	157852	1.18987341772152	0.000500218449829356	no
20002_1254	peripheral nerve disorder	both	173	340466	1.18987341772152	0.000507869034373633	no
20002_1255	peripheral neuropathy	female	215	182493	0.836575875486381	0.00117674102940211	no
20002_1255	peripheral neuropathy	male	257	157674	0.836575875486381	0.00162729293172335	no
20002_1255	peripheral neuropathy	both	472	340167	0.836575875486381	0.00138563112268413	no
20002_1256	acute infective polyneuritis/guillain-barre syndrome	female	66	182642	0.814814814814815	0.000361232129955995	no
20002_1256	acute infective polyneuritis/guillain-barre syndrome	male	81	157850	0.814814814814815	0.000512882208052884	no
20002_1256	acute infective polyneuritis/guillain-barre syndrome	both	147	340492	0.814814814814815	0.000431541896259677	no
20002_1257	trapped nerve/compressed nerve	female	502	182206	0.919413919413919	0.00274755347330166	no
20002_1257	trapped nerve/compressed nerve	male	546	157385	0.919413919413919	0.00345720599502314	no
20002_1257	trapped nerve/compressed nerve	both	1048	339591	0.919413919413919	0.00307657079782409	no
20002_1258	chronic/degenerative neurological problem	female	52	182656	0.981132075471698	0.000284607132692602	no
20002_1258	chronic/degenerative neurological problem	male	53	157878	0.981132075471698	0.000335589592923492	no
20002_1258	chronic/degenerative neurological problem	both	105	340534	0.981132075471698	0.000308244211614055	no
20002_1261	multiple sclerosis	female	866	181842	2.66461538461539	0.00473980340214988	no
20002_1261	multiple sclerosis	male	325	157606	2.66461538461539	0.0020578607113233	no
20002_1261	multiple sclerosis	both	1191	339448	2.66461538461539	0.00349637005745085	no
20002_1262	parkinsons disease	female	207	182501	0.514925373134328	0.00113295531668017	no
20002_1262	parkinsons disease	male	402	157529	0.514925373134328	0.00254541540292913	no
20002_1262	parkinsons disease	both	609	340030	0.514925373134328	0.00178781642736152	no
20002_1264	epilepsy	female	1359	181349	0.989082969432314	0.00743809794863936	no
20002_1264	epilepsy	male	1374	156557	0.989082969432314	0.00870000189956373	no
20002_1264	epilepsy	both	2733	337906	0.989082969432314	0.00802315647944011	no
20002_1265	migraine	female	8120	174588	3.42327150084317	0.0444424984127679	no
20002_1265	migraine	male	2372	155559	3.42327150084317	0.0150192172531042	no
20002_1265	migraine	both	10492	330147	3.42327150084317	0.0308009358881396	no
20002_1266	head injury	female	374	182334	0.488250652741514	0.00204698206975064	no
20002_1266	head injury	male	766	157165	0.488250652741514	0.00485021939961122	no
20002_1266	head injury	both	1140	339499	0.488250652741514	0.00334665144038117	no
20002_1267	spinal injury	female	227	182481	0.641242937853107	0.00124241959848501	no
20002_1267	spinal injury	male	354	157577	0.641242937853107	0.00224148520556446	no
20002_1267	spinal injury	both	581	340058	0.641242937853107	0.0017056179709311	no
20002_1274	eye infection	female	182	182526	1.21333333333333	0.000996124964424108	no
20002_1274	eye infection	male	150	157781	1.21333333333333	0.0009497818667646	no
20002_1274	eye infection	both	332	340307	1.21333333333333	0.000974638840532059	no
20002_1275	retinal problem	female	325	182383	1.05519480519481	0.00177879457932877	no
20002_1275	retinal problem	male	308	157623	1.05519480519481	0.00195021876642331	no
20002_1275	retinal problem	both	633	340006	1.05519480519481	0.00185827224715902	no
20002_1276	diabetic eye disease	female	343	182365	0.566006600660066	0.00187731243295313	no
20002_1276	diabetic eye disease	male	606	157325	0.566006600660066	0.00383711874172898	no
20002_1276	diabetic eye disease	both	949	339690	0.566006600660066	0.00278594054115941	no
20002_1277	glaucoma	female	1831	180877	0.864494806421152	0.0100214549992338	no
20002_1277	glaucoma	male	2118	155813	0.864494806421152	0.0134109199587161	no
20002_1277	glaucoma	both	3949	336690	0.864494806421152	0.0115929180158467	no
20002_1278	cataract	female	3563	179145	1.28581739444244	0.0195010618035335	no
20002_1278	cataract	male	2771	155160	1.28581739444244	0.017545637018698	no
20002_1278	cataract	both	6334	334305	1.28581739444244	0.0185944651082231	no
20002_1279	eye trauma	female	155	182553	0.425824175824176	0.000848348183987565	no
20002_1279	eye trauma	male	364	157567	0.425824175824176	0.0023048039966821	no
20002_1279	eye trauma	both	519	340120	0.425824175824176	0.0015236071031209	no
20002_1281	retinal detachment	female	474	182234	0.63031914893617	0.00259430347877488	no
20002_1281	retinal detachment	male	752	157179	0.63031914893617	0.00476157309204653	no
20002_1281	retinal detachment	both	1226	339413	0.63031914893617	0.00359911812798887	no
20002_1282	retinal artery/vein occlusion	female	86	182622	0.811320754716981	0.000470696411760842	no
20002_1282	retinal artery/vein occlusion	male	106	157825	0.811320754716981	0.000671179185846984	no
20002_1282	retinal artery/vein occlusion	both	192	340447	0.811320754716981	0.000563646558379986	no
20002_1286	depression	female	13227	169481	1.83123355946283	0.0723942027716356	no
20002_1286	depression	male	7223	150708	1.83123355946283	0.0457351628242714	no
20002_1286	depression	both	20450	320189	1.83123355946283	0.060034229785785	no
20002_1287	anxiety/panic attacks	female	3165	179543	1.74668874172185	0.0173227225956171	no
20002_1287	anxiety/panic attacks	male	1812	156119	1.74668874172185	0.0114733649505164	no
20002_1287	anxiety/panic attacks	both	4977	335662	1.74668874172185	0.0146107756305062	no
20002_1288	nervous breakdown	female	283	182425	1.24669603524229	0.00154891958753859	no
20002_1288	nervous breakdown	male	227	157704	1.24669603524229	0.00143733655837043	no
20002_1288	nervous breakdown	both	510	340129	1.24669603524229	0.00149718617069684	no
20002_1289	schizophrenia	female	126	182582	0.458181818181818	0.000689624975370537	no
20002_1289	schizophrenia	male	275	157656	0.458181818181818	0.0017412667557351	no
20002_1289	schizophrenia	both	401	340238	0.458181818181818	0.00117719932244987	no
20002_1290	deliberate self-harm/suicide attempt	female	84	182624	1.09090909090909	0.000459749983580358	no
20002_1290	deliberate self-harm/suicide attempt	male	77	157854	1.09090909090909	0.000487554691605828	no
20002_1290	deliberate self-harm/suicide attempt	both	161	340478	1.09090909090909	0.000472641124474884	no
20002_1291	mania/bipolar disorder/manic depression	female	535	182173	1.24129930394432	0.00292816953827966	no
20002_1291	mania/bipolar disorder/manic depression	male	431	157500	1.24129930394432	0.00272903989717028	no
20002_1291	mania/bipolar disorder/manic depression	both	966	339673	1.24129930394432	0.0028358467468493	no
20002_1293	bone disorder	female	524	182184	2.58128078817734	0.00286796418328699	no
20002_1293	bone disorder	male	203	157728	2.58128078817734	0.00128537145968809	no
20002_1293	bone disorder	both	727	339912	2.58128078817734	0.00213422420803255	no
20002_1294	back problem	female	3085	179623	1.08207646439846	0.0168848654683977	no
20002_1294	back problem	male	2851	155080	1.08207646439846	0.0180521873476392	no
20002_1294	back problem	both	5936	334703	1.08207646439846	0.0174260727632479	no
20002_1295	joint disorder	female	895	181813	1.30656934306569	0.00489852661076691	no
20002_1295	joint disorder	male	685	157246	1.30656934306569	0.00433733719155834	no
20002_1295	joint disorder	both	1580	339059	1.30656934306569	0.00463834147000197	no
20002_1297	muscle/soft tissue problem	female	1691	181017	1.53031674208145	0.00925520502659982	no
20002_1297	muscle/soft tissue problem	male	1105	156826	1.53031674208145	0.00699672641849922	no
20002_1297	muscle/soft tissue problem	both	2796	337843	1.53031674208145	0.00820810300640854	no
20002_1308	osteomyelitis	female	212	182496	0.681672025723473	0.00116032138713138	no
20002_1308	osteomyelitis	male	311	157620	0.681672025723473	0.0019692144037586	no
20002_1308	osteomyelitis	both	523	340116	0.681672025723473	0.00153534973975382	no
20002_1309	osteoporosis	female	4889	177819	7.66300940438872	0.0267585436871949	Female
20002_1309	osteoporosis	male	638	157293	7.66300940438872	0.00403973887330543	Female
20002_1309	osteoporosis	both	5527	335112	7.66300940438872	0.0162253881675322	Female
20002_1311	spine arthritis/spondylitis	female	1727	180981	1.57861060329068	0.00945224073384854	no
20002_1311	spine arthritis/spondylitis	male	1094	156837	1.57861060329068	0.00692707574826981	no
20002_1311	spine arthritis/spondylitis	both	2821	337818	1.57861060329068	0.00828149448536427	no
20002_1312	prolapsed disc/slipped disc	female	2937	179771	0.979653102068045	0.0160748297830418	no
20002_1312	prolapsed disc/slipped disc	male	2998	154933	0.979653102068045	0.0189829735770685	no
20002_1312	prolapsed disc/slipped disc	both	5935	334704	0.979653102068045	0.0174231371040897	no
20002_1313	ankylosing spondylitis	female	360	182348	0.588235294117647	0.00197035707248725	no
20002_1313	ankylosing spondylitis	male	612	157319	0.588235294117647	0.00387511001639957	no
20002_1313	ankylosing spondylitis	both	972	339667	0.588235294117647	0.00285346070179868	no
20002_1322	myositis/myopathy	female	76	182632	1.52	0.000415964270858419	no
20002_1322	myositis/myopathy	male	50	157881	1.52	0.0003165939555882	no
20002_1322	myositis/myopathy	both	126	340513	1.52	0.000369893053936866	no
20002_1327	low platelets/platelet disorder	female	183	182525	1.67889908256881	0.00100159817851435	no
20002_1327	low platelets/platelet disorder	male	109	157822	1.67889908256881	0.000690174823182276	no
20002_1327	low platelets/platelet disorder	both	292	340347	1.67889908256881	0.000857212474202895	no
20002_1330	iron deficiency anaemia	female	1854	180854	4.62344139650873	0.0101473389233093	Female
20002_1330	iron deficiency anaemia	male	401	157530	4.62344139650873	0.00253908352381736	Female
20002_1330	iron deficiency anaemia	both	2255	338384	4.62344139650873	0.0066199114018066	Female
20002_1331	pernicious anaemia	female	768	181940	2.94252873563218	0.00420342842130613	no
20002_1331	pernicious anaemia	male	261	157670	2.94252873563218	0.0016526204481704	no
20002_1331	pernicious anaemia	both	1029	339610	2.94252873563218	0.00302079327381774	no
20002_1340	thalassaemia	female	78	182630	1.85714285714286	0.000426910699038904	no
20002_1340	thalassaemia	male	42	157889	1.85714285714286	0.000265938922694088	no
20002_1340	thalassaemia	both	120	340519	1.85714285714286	0.000352279098987491	no
20002_1348	gynaecological disorder (not cancer)	female	562	182146	562	0.0030759463187162	Female specific
20002_1348	gynaecological disorder (not cancer)	male	1	157930	562	6.331879111764e-06	Female specific
20002_1348	gynaecological disorder (not cancer)	both	563	340076	562	0.00165277610608298	Female specific
20002_1349	ovarian cyst or cysts	female	2903	179805	2903	0.0158887405039736	Female specific
20002_1349	ovarian cyst or cysts	male	1	157930	2903	6.331879111764e-06	Female specific
20002_1349	ovarian cyst or cysts	both	2904	337735	2903	0.00852515419549729	Female specific
20002_1350	polycystic ovaries/polycystic ovarian syndrome	female	444	182264	-444	0.00243010705606761	Female specific
20002_1350	polycystic ovaries/polycystic ovarian syndrome	male	0	157931	-444	0	Female specific
20002_1350	polycystic ovaries/polycystic ovarian syndrome	both	444	340195	-444	0.00130343266625372	Female specific
20002_1351	uterine fibroids	female	5788	176920	5788	0.0316789631543228	Female specific
20002_1351	uterine fibroids	male	1	157930	5788	6.331879111764e-06	Female specific
20002_1351	uterine fibroids	both	5789	334850	5788	0.0169945308669882	Female specific
20002_1352	uterine polyps	female	1053	181655	210.6	0.0057632944370252	Female specific
20002_1352	uterine polyps	male	5	157926	210.6	3.165939555882e-05	Female specific
20002_1352	uterine polyps	both	1058	339581	210.6	0.00310592738940638	Female specific
20002_1353	vaginal prolapse/uterine prolapse	female	1976	180732	-1976	0.0108150710423189	Female specific
20002_1353	vaginal prolapse/uterine prolapse	male	0	157931	-1976	0	Female specific
20002_1353	vaginal prolapse/uterine prolapse	both	1976	338663	-1976	0.00580086249666069	Female specific
20002_1364	breast disease (not cancer)	female	182	182526	60.6666666666667	0.000996124964424108	Female
20002_1364	breast disease (not cancer)	male	3	157928	60.6666666666667	1.8995637335292e-05	Female
20002_1364	breast disease (not cancer)	both	185	340454	60.6666666666667	0.000543096944272382	Female
20002_1366	fibrocystic disease	female	107	182601	15.2857142857143	0.000585633907655932	Female
20002_1366	fibrocystic disease	male	7	157924	15.2857142857143	4.4323153782348e-05	Female
20002_1366	fibrocystic disease	both	114	340525	15.2857142857143	0.000334665144038117	Female
20002_1367	breast cysts	female	1366	181342	105.076923076923	0.00747641044727106	Female
20002_1367	breast cysts	male	13	157918	105.076923076923	8.2314428452932e-05	Female
20002_1367	breast cysts	both	1379	339260	105.076923076923	0.00404827397919792	Female
20002_1371	sarcoidosis	female	368	182340	1.02506963788301	0.00201414278520919	no
20002_1371	sarcoidosis	male	359	157572	1.02506963788301	0.00227314460112328	no
20002_1371	sarcoidosis	both	727	339912	1.02506963788301	0.00213422420803255	no
20002_1372	vasculitis	female	74	182634	1.25423728813559	0.000405017842677934	no
20002_1372	vasculitis	male	59	157872	1.25423728813559	0.000373580867594076	no
20002_1372	vasculitis	both	133	340506	1.25423728813559	0.000390442668044469	no
20002_1373	connective tissue disorder	female	103	182605	2.94285714285714	0.000563741051294962	no
20002_1373	connective tissue disorder	male	35	157896	2.94285714285714	0.00022161576891174	no
20002_1373	connective tissue disorder	both	138	340501	2.94285714285714	0.000405120963835615	no
20002_1374	allergy/hypersensitivity/anaphylaxis	female	1651	181057	2.00607533414338	0.00903627646299013	no
20002_1374	allergy/hypersensitivity/anaphylaxis	male	823	157108	2.00607533414338	0.00521113650898177	no
20002_1374	allergy/hypersensitivity/anaphylaxis	both	2474	338165	2.00607533414338	0.00726282075745878	no
20002_1377	polymyalgia rheumatica	female	510	182198	2.48780487804878	0.0027913391860236	no
20002_1377	polymyalgia rheumatica	male	205	157726	2.48780487804878	0.00129803521791162	no
20002_1377	polymyalgia rheumatica	both	715	339924	2.48780487804878	0.0020989962981338	no
20002_1381	systemic lupus erythematosis/sle	female	392	182316	7.39622641509434	0.002145499923375	Female
20002_1381	systemic lupus erythematosis/sle	male	53	157878	7.39622641509434	0.000335589592923492	Female
20002_1381	systemic lupus erythematosis/sle	both	445	340194	7.39622641509434	0.00130636832541195	Female
20002_1382	sjogren's syndrome/sicca syndrome	female	293	182415	14.65	0.00160365172844101	Female
20002_1382	sjogren's syndrome/sicca syndrome	male	20	157911	14.65	0.00012663758223528	Female
20002_1382	sjogren's syndrome/sicca syndrome	both	313	340326	14.65	0.000918861316525706	Female
20002_1384	scleroderma/systemic sclerosis	female	87	182621	6.21428571428571	0.000476169625851085	Female
20002_1384	scleroderma/systemic sclerosis	male	14	157917	6.21428571428571	8.8646307564696e-05	Female
20002_1384	scleroderma/systemic sclerosis	both	101	340538	6.21428571428571	0.000296501574981138	Female
20002_1385	allergy or anaphylactic reaction to food	female	1093	181615	1.98366606170599	0.00598222300063489	no
20002_1385	allergy or anaphylactic reaction to food	male	551	157380	1.98366606170599	0.00348886539058196	no
20002_1385	allergy or anaphylactic reaction to food	both	1644	338995	1.98366606170599	0.00482622365612863	no
20002_1386	allergy or anaphylactic reaction to drug	female	2350	180358	2.21280602636535	0.0128620531120695	no
20002_1386	allergy or anaphylactic reaction to drug	male	1062	156869	2.21280602636535	0.00672445561669337	no
20002_1386	allergy or anaphylactic reaction to drug	both	3412	337227	2.21280602636535	0.0100164690478777	no
20002_1387	hayfever/allergic rhinitis	female	11212	171496	1.12299679487179	0.0613656763797973	no
20002_1387	hayfever/allergic rhinitis	male	9984	147947	1.12299679487179	0.0632174810518518	no
20002_1387	hayfever/allergic rhinitis	both	21196	319443	1.12299679487179	0.0622242315178239	no
20002_1394	peripheral nerve injury	female	105	182603	1.05	0.000574687479475447	no
20002_1394	peripheral nerve injury	male	100	157831	1.05	0.0006331879111764	no
20002_1394	peripheral nerve injury	both	205	340434	1.05	0.000601810127436964	no
20002_1396	enlarged prostate	female	2	182706	0.000400801603206413	1.09464281804847e-05	Male specific
20002_1396	enlarged prostate	male	4990	152941	0.000400801603206413	0.0315960767677024	Male specific
20002_1396	enlarged prostate	both	4992	335647	0.000400801603206413	0.0146548105178796	Male specific
20002_1398	pneumonia	female	2502	180206	0.981176470588235	0.0136939816537864	no
20002_1398	pneumonia	male	2550	155381	0.981176470588235	0.0161462917349982	no
20002_1398	pneumonia	both	5052	335587	0.981176470588235	0.0148309500673734	no
20002_1400	peptic ulcer	female	131	182577	0.592760180995475	0.000716991045821748	no
20002_1400	peptic ulcer	male	221	157710	0.592760180995475	0.00139934528369984	no
20002_1400	peptic ulcer	both	352	340287	0.592760180995475	0.00103335202369664	no
20002_1402	endometriosis	female	2827	179881	-2827	0.0154727762331151	Female specific
20002_1402	endometriosis	male	0	157931	-2827	0	Female specific
20002_1402	endometriosis	both	2827	337812	-2827	0.00829910844031365	Female specific
20002_1403	female infertility	female	428	182280	428	0.00234253563062373	Female specific
20002_1403	female infertility	male	1	157930	428	6.331879111764e-06	Female specific
20002_1403	female infertility	both	429	340210	428	0.00125939777888028	Female specific
20002_1405	other renal/kidney problem	female	753	181955	1.15668202764977	0.00412133020995249	no
20002_1405	other renal/kidney problem	male	651	157280	1.15668202764977	0.00412205330175836	no
20002_1405	other renal/kidney problem	both	1404	339235	1.15668202764977	0.00412166545815365	no
20002_1406	muscle or soft tissue injuries	female	1095	181613	0.631487889273356	0.00599316942881538	no
20002_1406	muscle or soft tissue injuries	male	1734	156197	0.631487889273356	0.0109794783797988	no
20002_1406	muscle or soft tissue injuries	both	2829	337810	0.631487889273356	0.0083049797586301	no
20002_1407	burns	female	108	182600	0.551020408163265	0.000591107121746174	no
20002_1407	burns	male	196	157735	0.551020408163265	0.00124104830590574	no
20002_1407	burns	both	304	340335	0.551020408163265	0.000892440384101644	no
20002_1408	alcohol dependency	female	131	182577	0.347480106100796	0.000716991045821748	no
20002_1408	alcohol dependency	male	377	157554	0.347480106100796	0.00238711842513503	no
20002_1408	alcohol dependency	both	508	340131	0.347480106100796	0.00149131485238038	no
20002_1412	bronchitis	female	1529	181179	1.25533661740558	0.00836854434398056	no
20002_1412	bronchitis	male	1218	156713	1.25533661740558	0.00771222875812855	no
20002_1412	bronchitis	both	2747	337892	1.25533661740558	0.00806425570765532	no
20002_1413	nasal/sinus disorder	female	610	182098	0.902366863905325	0.00333866059504784	no
20002_1413	nasal/sinus disorder	male	676	157255	0.902366863905325	0.00428035027955246	no
20002_1413	nasal/sinus disorder	both	1286	339353	0.902366863905325	0.00377525767748261	no
20002_1414	throat or larynx disorder	female	155	182553	1.19230769230769	0.000848348183987565	no
20002_1414	throat or larynx disorder	male	130	157801	1.19230769230769	0.00082314428452932	no
20002_1414	throat or larynx disorder	both	285	340354	1.19230769230769	0.000836662860095291	no
20002_1415	ear/vestibular disorder	female	1416	181292	0.939615129396151	0.00775007115178317	no
20002_1415	ear/vestibular disorder	male	1507	156424	0.939615129396151	0.00954214182142835	no
20002_1415	ear/vestibular disorder	both	2923	337716	0.939615129396151	0.00858093171950364	no
20002_1416	chronic sinusitis	female	1581	181127	1.47619047619048	0.00865315147667316	no
20002_1416	chronic sinusitis	male	1071	156860	1.47619047619048	0.00678144252869924	no
20002_1416	chronic sinusitis	both	2652	337987	1.47619047619048	0.00778536808762355	no
20002_1417	nasal polyps	female	490	182218	0.508298755186722	0.00268187490421875	no
20002_1417	nasal polyps	male	964	156967	0.508298755186722	0.00610393146374049	no
20002_1417	nasal polyps	both	1454	339185	0.508298755186722	0.0042684484160651	no
20002_1419	vocal cord polyp	female	77	182631	1.06944444444444	0.000421437484948661	no
20002_1419	vocal cord polyp	male	72	157859	1.06944444444444	0.000455895296047008	no
20002_1419	vocal cord polyp	both	149	340490	1.06944444444444	0.000437413214576135	no
20002_1420	otosclerosis	female	114	182594	2.03571428571429	0.000623946406287628	no
20002_1420	otosclerosis	male	56	157875	2.03571428571429	0.000354585230258784	no
20002_1420	otosclerosis	both	170	340469	2.03571428571429	0.000499062056898946	no
20002_1421	meniere's disease	female	557	182151	1.51358695652174	0.00304858024826499	no
20002_1421	meniere's disease	male	368	157563	1.51358695652174	0.00233013151312915	no
20002_1421	meniere's disease	both	925	339714	1.51358695652174	0.00271548472136191	no
20002_1425	cerebral aneurysm	female	133	182575	1.41489361702128	0.000727937474002233	no
20002_1425	cerebral aneurysm	male	94	157837	1.41489361702128	0.000595196636505816	no
20002_1425	cerebral aneurysm	both	227	340412	1.41489361702128	0.000666394628918004	no
20002_1427	polycystic kidney	female	144	182564	1.34579439252336	0.000788142828994899	no
20002_1427	polycystic kidney	male	107	157824	1.34579439252336	0.000677511064958748	no
20002_1427	polycystic kidney	both	251	340388	1.34579439252336	0.000736850448715502	no
20002_1428	thyroiditis	female	163	182545	6.52	0.000892133896709504	Female
20002_1428	thyroiditis	male	25	157906	6.52	0.0001582969777941	Female
20002_1428	thyroiditis	both	188	340451	6.52	0.00055190392174707	Female
20002_1430	hypopituitarism	female	74	182634	1.51020408163265	0.000405017842677934	no
20002_1430	hypopituitarism	male	49	157882	1.51020408163265	0.000310262076476436	no
20002_1430	hypopituitarism	both	123	340516	1.51020408163265	0.000361086076462178	no
20002_1433	cerebral palsy	female	46	182662	0.851851851851852	0.000251767848151148	no
20002_1433	cerebral palsy	male	54	157877	0.851851851851852	0.000341921472035256	no
20002_1433	cerebral palsy	both	100	340539	0.851851851851852	0.000293565915822909	no
20002_1434	other neurological problem	female	777	181931	1.295	0.00425268734811831	no
20002_1434	other neurological problem	male	600	157331	1.295	0.0037991274670584	no
20002_1434	other neurological problem	both	1377	339262	1.295	0.00404240266088146	no
20002_1435	optic neuritis	female	72	182636	1.44	0.00039407141449745	no
20002_1435	optic neuritis	male	50	157881	1.44	0.0003165939555882	no
20002_1435	optic neuritis	both	122	340517	1.44	0.000358150417303949	no
20002_1436	headaches (not migraine)	female	1896	180812	1.5946173254836	0.0103772139150995	no
20002_1436	headaches (not migraine)	male	1189	156742	1.5946173254836	0.00752860426388739	no
20002_1436	headaches (not migraine)	both	3085	337554	1.5946173254836	0.00905650850313675	no
20002_1437	myasthenia gravis	female	55	182653	1.25	0.00030102677496333	no
20002_1437	myasthenia gravis	male	44	157887	1.25	0.000278602680917616	no
20002_1437	myasthenia gravis	both	99	340540	1.25	0.00029063025666468	no
20002_1438	polycythaemia vera	female	45	182663	0.517241379310345	0.000246294634060906	no
20002_1438	polycythaemia vera	male	87	157844	0.517241379310345	0.000550873482723468	no
20002_1438	polycythaemia vera	both	132	340507	0.517241379310345	0.00038750700888624	no
20002_1439	hiv/aids	female	58	182650	0.182965299684543	0.000317446417234057	Male
20002_1439	hiv/aids	male	317	157614	0.182965299684543	0.00200720567842919	Male
20002_1439	hiv/aids	both	375	340264	0.182965299684543	0.00110087218433591	Male
20002_1440	tuberculosis (tb)	female	957	181751	1.2175572519084	0.00523786588436193	no
20002_1440	tuberculosis (tb)	male	786	157145	1.2175572519084	0.0049768569818465	no
20002_1440	tuberculosis (tb)	both	1743	338896	1.2175572519084	0.00511685391279331	no
20002_1441	malaria	female	186	182522	0.592356687898089	0.00101801782078508	no
20002_1441	malaria	male	314	157617	0.592356687898089	0.0019882100410939	no
20002_1441	malaria	both	500	340139	0.592356687898089	0.00146782957911455	no
20002_1442	helicobacter pylori	female	532	182176	1.28813559322034	0.00291174989600893	no
20002_1442	helicobacter pylori	male	413	157518	1.28813559322034	0.00261506607315853	no
20002_1442	helicobacter pylori	both	945	339694	1.28813559322034	0.00277419790452649	no
20002_1445	clotting disorder/excessive bleeding	female	222	182486	1.98214285714286	0.0012150535280338	no
20002_1445	clotting disorder/excessive bleeding	male	112	157819	1.98214285714286	0.000709170460517568	no
20002_1445	clotting disorder/excessive bleeding	both	334	340305	1.98214285714286	0.000980510158848517	no
20002_1446	anaemia	female	486	182222	2.87573964497041	0.00265998204785778	no
20002_1446	anaemia	male	169	157762	2.87573964497041	0.00107008756988812	no
20002_1446	anaemia	both	655	339984	2.87573964497041	0.00192285674864006	no
20002_1451	hereditary/genetic haematological disorder	female	163	182545	1.31451612903226	0.000892133896709504	no
20002_1451	hereditary/genetic haematological disorder	male	124	157807	1.31451612903226	0.000785153009858736	no
20002_1451	hereditary/genetic haematological disorder	both	287	340352	1.31451612903226	0.00084253417841175	no
20002_1452	eczema/dermatitis	female	5062	177646	1.1528125711683	0.0277054097248068	no
20002_1452	eczema/dermatitis	male	4391	153540	1.1528125711683	0.0278032811797557	no
20002_1452	eczema/dermatitis	both	9453	331186	1.1528125711683	0.0277507860227396	no
20002_1453	psoriasis	female	1806	180902	0.836111111111111	0.00988462464697769	no
20002_1453	psoriasis	male	2160	155771	0.836111111111111	0.0136768588814102	no
20002_1453	psoriasis	both	3966	336673	0.836111111111111	0.0116428242215366	no
20002_1454	blistering/desquamating skin disorder	female	272	182436	0.97841726618705	0.00148871423254592	no
20002_1454	blistering/desquamating skin disorder	male	278	157653	0.97841726618705	0.00176026239307039	no
20002_1454	blistering/desquamating skin disorder	both	550	340089	0.97841726618705	0.001614612537026	no
20002_1455	chronic skin ulcers	female	52	182656	0.732394366197183	0.000284607132692602	no
20002_1455	chronic skin ulcers	male	71	157860	0.732394366197183	0.000449563416935244	no
20002_1455	chronic skin ulcers	both	123	340516	0.732394366197183	0.000361086076462178	no
20002_1456	malabsorption/coeliac disease	female	960	181748	2.29116945107399	0.00525428552663266	no
20002_1456	malabsorption/coeliac disease	male	419	157512	2.29116945107399	0.00265305734782912	no
20002_1456	malabsorption/coeliac disease	both	1379	339260	2.29116945107399	0.00404827397919792	no
20002_1457	duodenal ulcer	female	489	182219	0.558857142857143	0.00267640169012851	no
20002_1457	duodenal ulcer	male	875	157056	0.558857142857143	0.0055403942227935	no
20002_1457	duodenal ulcer	both	1364	339275	0.558857142857143	0.00400423909182448	no
20002_1458	diverticular disease/diverticulitis	female	2356	180352	1.67686832740214	0.012894892396611	no
20002_1458	diverticular disease/diverticulitis	male	1405	156526	1.67686832740214	0.00889629015202842	no
20002_1458	diverticular disease/diverticulitis	both	3761	336878	1.67686832740214	0.0110410140940996	no
20002_1459	colitis/not crohns or ulcerative colitis	female	479	182229	1.11655011655012	0.00262166954922609	no
20002_1459	colitis/not crohns or ulcerative colitis	male	429	157502	1.11655011655012	0.00271637613894676	no
20002_1459	colitis/not crohns or ulcerative colitis	both	908	339731	1.11655011655012	0.00266557851567202	no
20002_1460	rectal or colon adenoma/polyps	female	515	182193	0.943223443223443	0.00281870525647481	no
20002_1460	rectal or colon adenoma/polyps	male	546	157385	0.943223443223443	0.00345720599502314	no
20002_1460	rectal or colon adenoma/polyps	both	1061	339578	0.943223443223443	0.00311473436688107	no
20002_1461	inflammatory bowel disease	female	81	182627	1.3728813559322	0.000443330341309631	no
20002_1461	inflammatory bowel disease	male	59	157872	1.3728813559322	0.000373580867594076	no
20002_1461	inflammatory bowel disease	both	140	340499	1.3728813559322	0.000410992282152073	no
20002_1462	crohns disease	female	577	182131	1.37054631828979	0.00315804453006984	no
20002_1462	crohns disease	male	421	157510	1.37054631828979	0.00266572110605264	no
20002_1462	crohns disease	both	998	339641	1.37054631828979	0.00292978783991263	no
20002_1463	ulcerative colitis	female	950	181758	1.13230035756853	0.00519955338573024	no
20002_1463	ulcerative colitis	male	839	157092	1.13230035756853	0.00531244657477	no
20002_1463	ulcerative colitis	both	1789	338850	1.13230035756853	0.00525189423407185	no
20002_1464	rheumatoid arthritis	female	2597	180111	2.25826086956522	0.0142139369923594	no
20002_1464	rheumatoid arthritis	male	1150	156781	2.25826086956522	0.0072816609785286	no
20002_1464	rheumatoid arthritis	both	3747	336892	2.25826086956522	0.0109999148658844	no
20002_1465	osteoarthritis	female	18199	164509	1.82263395092639	0.0996070232283206	no
20002_1465	osteoarthritis	male	9985	147946	1.82263395092639	0.0632238129309635	no
20002_1465	osteoarthritis	both	28184	312455	1.82263395092639	0.0827386177155288	no
20002_1466	gout	female	363	182345	0.0800970873786408	0.00198677671475797	Male
20002_1466	gout	male	4532	153399	0.0800970873786408	0.0286960761345144	Male
20002_1466	gout	both	4895	335744	0.0800970873786408	0.0143700515795314	Male
20002_1467	other joint disorder	female	1069	181639	1.03887269193392	0.00585086586246908	no
20002_1467	other joint disorder	male	1029	156902	1.03887269193392	0.00651550360600515	no
20002_1467	other joint disorder	both	2098	338541	1.03887269193392	0.00615901291396464	no
20002_1468	diabetic neuropathy/ulcers	female	30	182678	0.4	0.000164196422707271	no
20002_1468	diabetic neuropathy/ulcers	male	75	157856	0.4	0.0004748909333823	no
20002_1468	diabetic neuropathy/ulcers	both	105	340534	0.4	0.000308244211614055	no
20002_1469	post-traumatic stress disorder	female	133	182575	1.00757575757576	0.000727937474002233	no
20002_1469	post-traumatic stress disorder	male	132	157799	1.00757575757576	0.000835808042752848	no
20002_1469	post-traumatic stress disorder	both	265	340374	1.00757575757576	0.00077794967693071	no
20002_1470	anorexia/bulimia/other eating disorder	female	248	182460	16.5333333333333	0.0013573570943801	Female
20002_1470	anorexia/bulimia/other eating disorder	male	15	157916	16.5333333333333	9.497818667646e-05	Female
20002_1470	anorexia/bulimia/other eating disorder	both	263	340376	16.5333333333333	0.000772078358614251	Female
20002_1471	atrial fibrillation	female	840	181868	0.445859872611465	0.00459749983580358	no
20002_1471	atrial fibrillation	male	1884	156047	0.445859872611465	0.0119292602465634	no
20002_1471	atrial fibrillation	both	2724	337915	0.445859872611465	0.00799673554701605	no
20002_1472	emphysema	female	50	182658	0.72463768115942	0.000273660704512118	no
20002_1472	emphysema	male	69	157862	0.72463768115942	0.000436899658711716	no
20002_1472	emphysema	both	119	340520	0.72463768115942	0.000349343439829262	no
20002_1473	high cholesterol	female	18366	164342	0.73723506743738	0.100521049981391	no
20002_1473	high cholesterol	male	24912	133019	0.73723506743738	0.157739772432265	no
20002_1473	high cholesterol	both	43278	297361	0.73723506743738	0.127049457049839	no
20002_1474	hiatus hernia	female	4429	178279	1.41320995532865	0.0242408652056834	no
20002_1474	hiatus hernia	male	3134	154797	1.41320995532865	0.0198441091362684	no
20002_1474	hiatus hernia	both	7563	333076	1.41320995532865	0.0222023902136866	no
20002_1476	sciatica	female	1818	180890	1.0834326579261	0.0099503032160606	no
20002_1476	sciatica	male	1678	156253	1.0834326579261	0.01062489314954	no
20002_1476	sciatica	both	3496	337143	1.0834326579261	0.0102630644171689	no
20002_1477	psoriatic arthropathy	female	333	182375	1.02777777777778	0.0018225802920507	no
20002_1477	psoriatic arthropathy	male	324	157607	1.02777777777778	0.00205152883221154	no
20002_1477	psoriatic arthropathy	both	657	339982	1.02777777777778	0.00192872806695651	no
20002_1478	cervical spondylosis	female	1418	181290	1.7747183979975	0.00776101757996366	no
20002_1478	cervical spondylosis	male	799	157132	1.7747183979975	0.00505917141029944	no
20002_1478	cervical spondylosis	both	2217	338422	1.7747183979975	0.0065083563537939	no
20002_1479	rheumatic fever	female	579	182129	1.47704081632653	0.00316899095825032	no
20002_1479	rheumatic fever	male	392	157539	1.47704081632653	0.00248209661181149	no
20002_1479	rheumatic fever	both	971	339668	1.47704081632653	0.00285052504264045	no
20002_1482	chronic fatigue syndrome	female	1137	181571	2.7200956937799	0.00622304442060556	no
20002_1482	chronic fatigue syndrome	male	418	157513	2.7200956937799	0.00264672546871735	no
20002_1482	chronic fatigue syndrome	both	1555	339084	2.7200956937799	0.00456494999104624	no
20002_1485	irregular heart beat	female	346	182362	0.963788300835655	0.00189373207522385	no
20002_1485	irregular heart beat	male	359	157572	0.963788300835655	0.00227314460112328	no
20002_1485	irregular heart beat	both	705	339934	0.963788300835655	0.00206963970655151	no
20002_1487	svt / supraventricular tachycardia	female	144	182564	1.89473684210526	0.000788142828994899	no
20002_1487	svt / supraventricular tachycardia	male	76	157855	1.89473684210526	0.000481222812494064	no
20002_1487	svt / supraventricular tachycardia	both	220	340419	1.89473684210526	0.000645845014810401	no
20002_1491	brain haemorrhage	female	63	182645	1.14545454545455	0.000344812487685268	no
20002_1491	brain haemorrhage	male	55	157876	1.14545454545455	0.00034825335114702	no
20002_1491	brain haemorrhage	both	118	340521	1.14545454545455	0.000346407780671033	no
20002_1494	varicose veins	female	885	181823	1.77	0.00484379446986448	no
20002_1494	varicose veins	male	500	157431	1.77	0.003165939555882	no
20002_1494	varicose veins	both	1385	339254	1.77	0.00406588793414729	no
20002_1495	lymphoedema	female	160	182548	5.71428571428571	0.000875714254438777	Female
20002_1495	lymphoedema	male	28	157903	5.71428571428571	0.000177292615129392	Female
20002_1495	lymphoedema	both	188	340451	5.71428571428571	0.00055190392174707	Female
20002_1497	pneumothorax	female	38	182670	0.296875	0.000207982135429209	no
20002_1497	pneumothorax	male	128	157803	0.296875	0.000810480526305792	no
20002_1497	pneumothorax	both	166	340473	0.296875	0.00048731942026603	no
20002_1499	labyrinthitis	female	148	182560	2.17647058823529	0.000810035685355868	no
20002_1499	labyrinthitis	male	68	157863	2.17647058823529	0.000430567779599952	no
20002_1499	labyrinthitis	both	216	340423	2.17647058823529	0.000634102378177484	no
20002_1500	vertigo	female	363	182345	2.57446808510638	0.00198677671475797	no
20002_1500	vertigo	male	141	157790	2.57446808510638	0.000892794954758724	no
20002_1500	vertigo	both	504	340135	2.57446808510638	0.00147957221574746	no
20002_1502	appendicitis	female	1695	181013	1.19114546732256	0.00927709788296079	no
20002_1502	appendicitis	male	1423	156508	1.19114546732256	0.00901026397604017	no
20002_1502	appendicitis	both	3118	337521	1.19114546732256	0.00915338525535831	no
20002_1504	anal fissure	female	89	182619	0.809090909090909	0.00048711605403157	no
20002_1504	anal fissure	male	110	157821	0.809090909090909	0.00069650670229404	no
20002_1504	anal fissure	both	199	340440	0.809090909090909	0.00058419617248759	no
20002_1505	haemorrhoids / piles	female	458	182250	0.603425559947299	0.002506732053331	no
20002_1505	haemorrhoids / piles	male	759	157172	0.603425559947299	0.00480589624582887	no
20002_1505	haemorrhoids / piles	both	1217	339422	0.603425559947299	0.00357269719556481	no
20002_1508	jaundice (unknown cause)	female	160	182548	0.87431693989071	0.000875714254438777	no
20002_1508	jaundice (unknown cause)	male	183	157748	0.87431693989071	0.00115873387745281	no
20002_1508	jaundice (unknown cause)	both	343	340296	0.87431693989071	0.00100693109127258	no
20002_1509	gastroenteritis/dysentry	female	60	182648	0.9375	0.000328392845414541	no
20002_1509	gastroenteritis/dysentry	male	64	157867	0.9375	0.000405240263152896	no
20002_1509	gastroenteritis/dysentry	both	124	340515	0.9375	0.000364021735620408	no
20002_1510	dyspepsia / indigestion	female	262	182446	1.06072874493927	0.0014339820916435	no
20002_1510	dyspepsia / indigestion	male	247	157684	1.06072874493927	0.00156397414060571	no
20002_1510	dyspepsia / indigestion	both	509	340130	1.06072874493927	0.00149425051153861	no
20002_1511	abdominal hernia	female	50	182658	0.284090909090909	0.000273660704512118	no
20002_1511	abdominal hernia	male	176	157755	0.284090909090909	0.00111441072367046	no
20002_1511	abdominal hernia	both	226	340413	0.284090909090909	0.000663458969759775	no
20002_1512	umbilical hernia	female	143	182565	0.65296803652968	0.000782669614904657	no
20002_1512	umbilical hernia	male	219	157712	0.65296803652968	0.00138668152547632	no
20002_1512	umbilical hernia	both	362	340277	0.65296803652968	0.00106270861527893	no
20002_1513	inguinal hernia	female	161	182547	0.102222222222222	0.000881187468529019	Male
20002_1513	inguinal hernia	male	1575	156356	0.102222222222222	0.0099727096010283	Male
20002_1513	inguinal hernia	both	1736	338903	0.102222222222222	0.00509630429868571	Male
20002_1514	cystitis	female	366	182342	9.63157894736842	0.0020031963570287	Female
20002_1514	cystitis	male	38	157893	9.63157894736842	0.000240611406247032	Female
20002_1514	cystitis	both	404	340235	9.63157894736842	0.00118600629992455	Female
20002_1516	bph / benign prostatic hypertrophy	female	0	182708	0	0	Male specific
20002_1516	bph / benign prostatic hypertrophy	male	725	157206	0	0.0045906123560289	Male specific
20002_1516	bph / benign prostatic hypertrophy	both	725	339914	0	0.00212835288971609	Male specific
20002_1517	prostatitis	female	2	182706	0.0137931034482759	1.09464281804847e-05	Male
20002_1517	prostatitis	male	145	157786	0.0137931034482759	0.00091812247120578	Male
20002_1517	prostatitis	both	147	340492	0.0137931034482759	0.000431541896259677	Male
20002_1518	erectile dysfunction / impotence	female	0	182708	0	0	Male specific
20002_1518	erectile dysfunction / impotence	male	250	157681	0	0.001582969777941	Male specific
20002_1518	erectile dysfunction / impotence	both	250	340389	0	0.000733914789557273	Male specific
20002_1523	trigemminal neuralgia	female	133	182575	2.66	0.000727937474002233	no
20002_1523	trigemminal neuralgia	male	50	157881	2.66	0.0003165939555882	no
20002_1523	trigemminal neuralgia	both	183	340456	2.66	0.000537225625955924	no
20002_1525	benign / essential tremor	female	61	182647	0.91044776119403	0.000333866059504784	no
20002_1525	benign / essential tremor	male	67	157864	0.91044776119403	0.000424235900488188	no
20002_1525	benign / essential tremor	both	128	340511	0.91044776119403	0.000375764372253324	no
20002_1526	polio / poliomyelitis	female	129	182579	0.877551020408163	0.000706044617641264	no
20002_1526	polio / poliomyelitis	male	147	157784	0.877551020408163	0.000930786229429308	no
20002_1526	polio / poliomyelitis	both	276	340363	0.877551020408163	0.00081024192767123	no
20002_1528	macular degeneration	female	190	182518	1.86274509803922	0.00103991067714605	no
20002_1528	macular degeneration	male	102	157829	1.86274509803922	0.000645851669399928	no
20002_1528	macular degeneration	both	292	340347	1.86274509803922	0.000857212474202895	no
20002_1529	dry eyes	female	542	182166	2.99447513812155	0.00296648203691136	no
20002_1529	dry eyes	male	181	157750	2.99447513812155	0.00114607011922928	no
20002_1529	dry eyes	both	723	339916	2.99447513812155	0.00212248157139963	no
20002_1530	iritis	female	86	182622	1.01176470588235	0.000470696411760842	no
20002_1530	iritis	male	85	157846	1.01176470588235	0.00053820972449994	no
20002_1530	iritis	both	171	340468	1.01176470588235	0.000501997716057175	no
20002_1531	post-natal depression	female	356	182352	178	0.00194846421612628	Female specific
20002_1531	post-natal depression	male	2	157929	178	1.2663758223528e-05	Female specific
20002_1531	post-natal depression	both	358	340281	178	0.00105096597864602	Female specific
20002_1532	disc problem	female	166	182542	1.05063291139241	0.000908553538980231	no
20002_1532	disc problem	male	158	157773	1.05063291139241	0.00100043689965871	no
20002_1532	disc problem	both	324	340315	1.05063291139241	0.000951153567266226	no
20002_1533	disc degeneration	female	417	182291	1.31545741324921	0.00228233027563106	no
20002_1533	disc degeneration	male	317	157614	1.31545741324921	0.00200720567842919	no
20002_1533	disc degeneration	both	734	339905	1.31545741324921	0.00215477382214015	no
20002_1534	back pain	female	1542	181166	1.14306893995552	0.00843969612715371	no
20002_1534	back pain	male	1349	156582	1.14306893995552	0.00854170492176963	no
20002_1534	back pain	both	2891	337748	1.14306893995552	0.00848699062644031	no
20002_1535	scoliosis	female	219	182489	3.91071428571429	0.00119863388576308	no
20002_1535	scoliosis	male	56	157875	3.91071428571429	0.000354585230258784	no
20002_1535	scoliosis	both	275	340364	3.91071428571429	0.000807306268513001	no
20002_1536	spinal stenosis	female	70	182638	1.11111111111111	0.000383124986316965	no
20002_1536	spinal stenosis	male	63	157868	1.11111111111111	0.000398908384041132	no
20002_1536	spinal stenosis	both	133	340506	1.11111111111111	0.000390442668044469	no
20002_1537	joint pain	female	868	181840	1.31714719271624	0.00475074983033036	no
20002_1537	joint pain	male	659	157272	1.31714719271624	0.00417270833465247	no
20002_1537	joint pain	both	1527	339112	1.31714719271624	0.00448275153461583	no
20002_1538	arthritis (nos)	female	1903	180805	1.53467741935484	0.0104155264137312	no
20002_1538	arthritis (nos)	male	1240	156691	1.53467741935484	0.00785153009858736	no
20002_1538	arthritis (nos)	both	3143	337496	1.53467741935484	0.00922677673431404	no
20002_1540	plantar fascitis	female	97	182611	1.12790697674419	0.000530901766753508	no
20002_1540	plantar fascitis	male	86	157845	1.12790697674419	0.000544541603611704	no
20002_1540	plantar fascitis	both	183	340456	1.12790697674419	0.000537225625955924	no
20002_1541	carpal tunnel syndrome	female	471	182237	2.60220994475138	0.00257788383650415	no
20002_1541	carpal tunnel syndrome	male	181	157750	2.60220994475138	0.00114607011922928	no
20002_1541	carpal tunnel syndrome	both	652	339987	2.60220994475138	0.00191404977116537	no
20002_1542	fibromyalgia	female	521	182187	7.44285714285714	0.00285154454101627	Female
20002_1542	fibromyalgia	male	70	157861	7.44285714285714	0.00044323153782348	Female
20002_1542	fibromyalgia	both	591	340048	7.44285714285714	0.00173497456251339	Female
20002_1544	dupuytren's contracture	female	73	182635	0.308016877637131	0.000399544628587692	no
20002_1544	dupuytren's contracture	male	237	157694	0.308016877637131	0.00150065534948807	no
20002_1544	dupuytren's contracture	both	310	340329	0.308016877637131	0.000910054339051019	no
20002_1545	neck problem/injury	female	186	182522	1.16981132075472	0.00101801782078508	no
20002_1545	neck problem/injury	male	159	157772	1.16981132075472	0.00100676877877048	no
20002_1545	neck problem/injury	both	345	340294	1.16981132075472	0.00101280240958904	no
20002_1548	acne/acne vulgaris	female	142	182566	1.20338983050847	0.000777196400814414	no
20002_1548	acne/acne vulgaris	male	118	157813	1.20338983050847	0.000747161735188152	no
20002_1548	acne/acne vulgaris	both	260	340379	1.20338983050847	0.000763271381139564	no
20002_1549	lichen planus	female	111	182597	2.41304347826087	0.000607526764016901	no
20002_1549	lichen planus	male	46	157885	2.41304347826087	0.000291266439141144	no
20002_1549	lichen planus	both	157	340482	2.41304347826087	0.000460898487841968	no
20002_1550	lichen sclerosis	female	126	182582	31.5	0.000689624975370537	Female
20002_1550	lichen sclerosis	male	4	157927	31.5	2.5327516447056e-05	Female
20002_1550	lichen sclerosis	both	130	340509	31.5	0.000381635690569782	Female
20002_1554	cervical intra-epithelial neoplasia (cin) / precancerous cells cervix	female	265	182443	-265	0.00145040173391422	Female specific
20002_1554	cervical intra-epithelial neoplasia (cin) / precancerous cells cervix	male	0	157931	-265	0	Female specific
20002_1554	cervical intra-epithelial neoplasia (cin) / precancerous cells cervix	both	265	340374	-265	0.00077794967693071	Female specific
20002_1555	cervical polyps	female	147	182561	-147	0.000804562471265626	Female specific
20002_1555	cervical polyps	male	0	157931	-147	0	Female specific
20002_1555	cervical polyps	both	147	340492	-147	0.000431541896259677	Female specific
20002_1556	menorrhagia (unknown cause)	female	1092	181616	-1092	0.00597674978654465	Female specific
20002_1556	menorrhagia (unknown cause)	male	0	157931	-1092	0	Female specific
20002_1556	menorrhagia (unknown cause)	both	1092	339547	-1092	0.00320573980078617	Female specific
20002_1558	ectopic pregnancy	female	331	182377	-331	0.00181163386387022	Female specific
20002_1558	ectopic pregnancy	male	0	157931	-331	0	Female specific
20002_1558	ectopic pregnancy	both	331	340308	-331	0.00097170318137383	Female specific
20002_1559	miscarriage	female	963	181745	-963	0.00527070516890339	Female specific
20002_1559	miscarriage	male	0	157931	-963	0	Female specific
20002_1559	miscarriage	both	963	339676	-963	0.00282703976937462	Female specific
20002_1560	breast fibroadenoma	female	156	182552	-156	0.000853821398077807	Female specific
20002_1560	breast fibroadenoma	male	0	157931	-156	0	Female specific
20002_1560	breast fibroadenoma	both	156	340483	-156	0.000457962828683739	Female specific
20002_1561	raynaud's phenomenon/disease	female	317	182391	3.01904761904762	0.00173500886660683	no
20002_1561	raynaud's phenomenon/disease	male	105	157826	3.01904761904762	0.00066484730673522	no
20002_1561	raynaud's phenomenon/disease	both	422	340217	3.01904761904762	0.00123884816477268	no
20002_1562	food intolerance	female	153	182555	2.390625	0.00083740175580708	no
20002_1562	food intolerance	male	64	157867	2.390625	0.000405240263152896	no
20002_1562	food intolerance	both	217	340422	2.390625	0.000637038037335713	no
20002_1563	urticaria	female	185	182523	1.71296296296296	0.00101254460669484	no
20002_1563	urticaria	male	108	157823	1.71296296296296	0.000683842944070512	no
20002_1563	urticaria	both	293	340346	1.71296296296296	0.000860148133361124	no
20002_1567	infectious mononucleosis / glandular fever / epstein barr virus (ebv)	female	335	182373	1.5158371040724	0.00183352672023119	no
20002_1567	infectious mononucleosis / glandular fever / epstein barr virus (ebv)	male	221	157710	1.5158371040724	0.00139934528369984	no
20002_1567	infectious mononucleosis / glandular fever / epstein barr virus (ebv)	both	556	340083	1.5158371040724	0.00163222649197538	no
20002_1568	measles / morbillivirus	female	1103	181605	1.10965794768612	0.00603695514153732	no
20002_1568	measles / morbillivirus	male	994	156937	1.10965794768612	0.00629388783709341	no
20002_1568	measles / morbillivirus	both	2097	338542	1.10965794768612	0.00615607725480641	no
20002_1569	mumps / epidemic parotitis	female	632	182076	1.03606557377049	0.00345907130503317	no
20002_1569	mumps / epidemic parotitis	male	610	157321	1.03606557377049	0.00386244625817604	no
20002_1569	mumps / epidemic parotitis	both	1242	339397	1.03606557377049	0.00364608867452053	no
20002_1570	rubella / german measles	female	394	182314	1.66949152542373	0.00215644635155549	no
20002_1570	rubella / german measles	male	236	157695	1.66949152542373	0.0014943234703763	no
20002_1570	rubella / german measles	both	630	340009	1.66949152542373	0.00184946526968433	no
20002_1571	chickenpox	female	1317	181391	1.15627743634767	0.00720822295684918	no
20002_1571	chickenpox	male	1139	156792	1.15627743634767	0.00721201030829919	no
20002_1571	chickenpox	both	2456	338183	1.15627743634767	0.00720997889261065	no
20002_1572	whooping cough / pertussis	female	376	182332	1.62770562770563	0.00205792849793113	no
20002_1572	whooping cough / pertussis	male	231	157700	1.62770562770563	0.00146266407481748	no
20002_1572	whooping cough / pertussis	both	607	340032	1.62770562770563	0.00178194510904506	no
20002_1573	shingles	female	213	182495	1.24561403508772	0.00116579460122162	no
20002_1573	shingles	male	171	157760	1.24561403508772	0.00108275132811164	no
20002_1573	shingles	both	384	340255	1.24561403508772	0.00112729311675997	no
20002_1575	herpes simplex	female	98	182610	1.60655737704918	0.000536374980843751	no
20002_1575	herpes simplex	male	61	157870	1.60655737704918	0.000386244625817604	no
20002_1575	herpes simplex	both	159	340480	1.60655737704918	0.000466769806158426	no
20002_1578	hepatitis a	female	89	182619	1.09876543209877	0.00048711605403157	no
20002_1578	hepatitis a	male	81	157850	1.09876543209877	0.000512882208052884	no
20002_1578	hepatitis a	both	170	340469	1.09876543209877	0.000499062056898946	no
20002_1579	hepatitis b	female	32	182676	0.492307692307692	0.000175142850887755	no
20002_1579	hepatitis b	male	65	157866	0.492307692307692	0.00041157214226466	no
20002_1579	hepatitis b	both	97	340542	0.492307692307692	0.000284758938348222	no
20002_1580	hepatitis c	female	33	182675	0.5	0.000180616064977998	no
20002_1580	hepatitis c	male	66	157865	0.5	0.000417904021376424	no
20002_1580	hepatitis c	both	99	340540	0.5	0.00029063025666468	no
20002_1585	mitral regurgitation / incompetence	female	70	182638	1.2962962962963	0.000383124986316965	no
20002_1585	mitral regurgitation / incompetence	male	54	157877	1.2962962962963	0.000341921472035256	no
20002_1585	mitral regurgitation / incompetence	both	124	340515	1.2962962962963	0.000364021735620408	no
20002_1589	pericarditis	female	25	182683	0.316455696202532	0.000136830352256059	no
20002_1589	pericarditis	male	79	157852	0.316455696202532	0.000500218449829356	no
20002_1589	pericarditis	both	104	340535	0.316455696202532	0.000305308552455826	no
20002_1594	respiratory infection	female	53	182655	1.23255813953488	0.000290080346782845	no
20002_1594	respiratory infection	male	43	157888	1.23255813953488	0.000272270801805852	no
20002_1594	respiratory infection	both	96	340543	1.23255813953488	0.000281823279189993	no
20002_1597	tinnitus / tiniitis	female	426	182282	0.78021978021978	0.00233158920244324	no
20002_1597	tinnitus / tiniitis	male	546	157385	0.78021978021978	0.00345720599502314	no
20002_1597	tinnitus / tiniitis	both	972	339667	0.78021978021978	0.00285346070179868	no
20002_1598	tonsiltis	female	1497	181211	1.27948717948718	0.0081934014930928	no
20002_1598	tonsiltis	male	1170	156761	1.27948717948718	0.00740829856076388	no
20002_1598	tonsiltis	both	2667	337972	1.27948717948718	0.00782940297499699	no
20002_1599	constipation	female	312	182396	3.15151515151515	0.00170764279615561	no
20002_1599	constipation	male	99	157832	3.15151515151515	0.000626856032064636	no
20002_1599	constipation	both	411	340228	3.15151515151515	0.00120655591403216	no
20002_1602	bowel / intestinal obstruction	female	73	182635	1.10606060606061	0.000399544628587692	no
20002_1602	bowel / intestinal obstruction	male	66	157865	1.10606060606061	0.000417904021376424	no
20002_1602	bowel / intestinal obstruction	both	139	340500	1.10606060606061	0.000408056622993844	no
20002_1603	rectal prolapse	female	136	182572	12.3636363636364	0.00074435711627296	Female
20002_1603	rectal prolapse	male	11	157920	12.3636363636364	6.9650670229404e-05	Female
20002_1603	rectal prolapse	both	147	340492	12.3636363636364	0.000431541896259677	Female
20002_1608	nephritis	female	67	182641	1.45652173913043	0.000366705344046238	no
20002_1608	nephritis	male	46	157885	1.45652173913043	0.000291266439141144	no
20002_1608	nephritis	both	113	340526	1.45652173913043	0.000331729484879888	no
20002_1610	thyroid goitre	female	343	182365	7.45652173913044	0.00187731243295313	Female
20002_1610	thyroid goitre	male	46	157885	7.45652173913044	0.000291266439141144	Female
20002_1610	thyroid goitre	both	389	340250	7.45652173913044	0.00114197141255112	Female
20002_1613	blepharitis / eyelid infection	female	87	182621	1.38095238095238	0.000476169625851085	no
20002_1613	blepharitis / eyelid infection	male	63	157868	1.38095238095238	0.000398908384041132	no
20002_1613	blepharitis / eyelid infection	both	150	340489	1.38095238095238	0.000440348873734364	no
20002_1614	stress	female	372	182336	1.33812949640288	0.00203603564157016	no
20002_1614	stress	male	278	157653	1.33812949640288	0.00176026239307039	no
20002_1614	stress	both	650	339989	1.33812949640288	0.00190817845284891	no
20002_1616	insomnia	female	246	182462	2.27777777777778	0.00134641066619962	no
20002_1616	insomnia	male	108	157823	2.27777777777778	0.000683842944070512	no
20002_1616	insomnia	both	354	340285	2.27777777777778	0.0010392233420131	no
20002_1617	osteopenia	female	1009	181699	12.4567901234568	0.00552247301705453	Female
20002_1617	osteopenia	male	81	157850	12.4567901234568	0.000512882208052884	Female
20002_1617	osteopenia	both	1090	339549	12.4567901234568	0.00319986848246971	Female
20002_1619	tendonitis / tendinitis / tenosynovitis	female	181	182527	1.35074626865672	0.000990651750333866	no
20002_1619	tendonitis / tendinitis / tenosynovitis	male	134	157797	1.35074626865672	0.000848471800976376	no
20002_1619	tendonitis / tendinitis / tenosynovitis	both	315	340324	1.35074626865672	0.000924732634842164	no
20002_1620	bursitis	female	78	182630	3	0.000426910699038904	no
20002_1620	bursitis	male	26	157905	3	0.000164628856905864	no
20002_1620	bursitis	both	104	340535	3	0.000305308552455826	no
20002_1623	tennis elbow / lateral epicondylitis	female	111	182597	1.01834862385321	0.000607526764016901	no
20002_1623	tennis elbow / lateral epicondylitis	male	109	157822	1.01834862385321	0.000690174823182276	no
20002_1623	tennis elbow / lateral epicondylitis	both	220	340419	1.01834862385321	0.000645845014810401	no
20002_1625	cellulitis	female	114	182594	0.678571428571429	0.000623946406287628	no
20002_1625	cellulitis	male	168	157763	0.678571428571429	0.00106375569077635	no
20002_1625	cellulitis	both	282	340357	0.678571428571429	0.000827855882620604	no
20002_1626	fracture skull / head	female	83	182625	0.389671361502347	0.000454276769490115	no
20002_1626	fracture skull / head	male	213	157718	0.389671361502347	0.00134869025080573	no
20002_1626	fracture skull / head	both	296	340343	0.389671361502347	0.000868955110835812	no
20002_1627	fracture jaw	female	34	182674	0.248175182481752	0.00018608927906824	Male
20002_1627	fracture jaw	male	137	157794	0.248175182481752	0.000867467438311668	Male
20002_1627	fracture jaw	both	171	340468	0.248175182481752	0.000501997716057175	Male
20002_1628	fracture nose	female	139	182569	0.335748792270531	0.000760776758543687	no
20002_1628	fracture nose	male	414	157517	0.335748792270531	0.0026213979522703	no
20002_1628	fracture nose	both	553	340086	0.335748792270531	0.00162341951450069	no
20002_1629	fracture face / orbit / eye socket	female	31	182677	0.238461538461538	0.000169669636797513	Male
20002_1629	fracture face / orbit / eye socket	male	130	157801	0.238461538461538	0.00082314428452932	Male
20002_1629	fracture face / orbit / eye socket	both	161	340478	0.238461538461538	0.000472641124474884	Male
20002_1631	fracture clavicle / collar bone	female	122	182586	0.305	0.000667732119009567	no
20002_1631	fracture clavicle / collar bone	male	400	157531	0.305	0.0025327516447056	no
20002_1631	fracture clavicle / collar bone	both	522	340117	0.305	0.00153241408059559	no
20002_1632	fracture shoulder / scapula	female	92	182616	0.597402597402597	0.000503535696302297	no
20002_1632	fracture shoulder / scapula	male	154	157777	0.597402597402597	0.000975109383211656	no
20002_1632	fracture shoulder / scapula	both	246	340393	0.597402597402597	0.000722172152924357	no
20002_1633	fracture upper arm / humerus / elbow	female	423	182285	0.789179104477612	0.00231516956017252	no
20002_1633	fracture upper arm / humerus / elbow	male	536	157395	0.789179104477612	0.0033938872039055	no
20002_1633	fracture upper arm / humerus / elbow	both	959	339680	0.789179104477612	0.0028152971327417	no
20002_1634	fracture forearm / wrist	female	342	182366	0.655172413793103	0.00187183921886289	no
20002_1634	fracture forearm / wrist	male	522	157409	0.655172413793103	0.00330524089634081	no
20002_1634	fracture forearm / wrist	both	864	339775	0.655172413793103	0.00253640951270994	no
20002_1635	fracture radius	female	79	182629	0.548611111111111	0.000432383913129146	no
20002_1635	fracture radius	male	144	157787	0.548611111111111	0.000911790592094016	no
20002_1635	fracture radius	both	223	340416	0.548611111111111	0.000654651992285088	no
20002_1636	fracture ulna	female	39	182669	0.469879518072289	0.000213455349519452	no
20002_1636	fracture ulna	male	83	157848	0.469879518072289	0.000525545966276412	no
20002_1636	fracture ulna	both	122	340517	0.469879518072289	0.000358150417303949	no
20002_1637	fracture wrist / colles fracture	female	568	182140	1.01247771836007	0.00310878560325766	no
20002_1637	fracture wrist / colles fracture	male	561	157370	1.01247771836007	0.0035521841816996	no
20002_1637	fracture wrist / colles fracture	both	1129	339510	1.01247771836007	0.00331435918964065	no
20002_1638	fracture hand	female	78	182630	0.445714285714286	0.000426910699038904	no
20002_1638	fracture hand	male	175	157756	0.445714285714286	0.0011080788445587	no
20002_1638	fracture hand	both	253	340386	0.445714285714286	0.000742721767031961	no
20002_1639	fracture finger	female	138	182570	0.359375	0.000755303544453445	no
20002_1639	fracture finger	male	384	157547	0.359375	0.00243144157891738	no
20002_1639	fracture finger	both	522	340117	0.359375	0.00153241408059559	no
20002_1640	fracture thumb	female	41	182667	0.476744186046512	0.000224401777699937	no
20002_1640	fracture thumb	male	86	157845	0.476744186046512	0.000544541603611704	no
20002_1640	fracture thumb	both	127	340512	0.476744186046512	0.000372828713095095	no
20002_1644	fracture rib	female	108	182600	0.311239193083574	0.000591107121746174	no
20002_1644	fracture rib	male	347	157584	0.311239193083574	0.00219716205178211	no
20002_1644	fracture rib	both	455	340184	0.311239193083574	0.00133572491699424	no
20002_1646	fracture vertebra / crush fracture / vertebral collapse	female	134	182574	0.848101265822785	0.000733410688092476	no
20002_1646	fracture vertebra / crush fracture / vertebral collapse	male	158	157773	0.848101265822785	0.00100043689965871	no
20002_1646	fracture vertebra / crush fracture / vertebral collapse	both	292	340347	0.848101265822785	0.000857212474202895	no
20002_1647	fracture pelvis	female	76	182632	0.826086956521739	0.000415964270858419	no
20002_1647	fracture pelvis	male	92	157839	0.826086956521739	0.000582532878282288	no
20002_1647	fracture pelvis	both	168	340471	0.826086956521739	0.000493190738582488	no
20002_1648	fracture neck of femur / hip	female	117	182591	0.823943661971831	0.000640366048558355	no
20002_1648	fracture neck of femur / hip	male	142	157789	0.823943661971831	0.000899126833870488	no
20002_1648	fracture neck of femur / hip	both	259	340380	0.823943661971831	0.000760335721981335	no
20002_1649	fracture shaft of femur	female	63	182645	0.372781065088757	0.000344812487685268	no
20002_1649	fracture shaft of femur	male	169	157762	0.372781065088757	0.00107008756988812	no
20002_1649	fracture shaft of femur	both	232	340407	0.372781065088757	0.00068107292470915	no
20002_1650	fracture patella / knee	female	105	182603	0.668789808917197	0.000574687479475447	no
20002_1650	fracture patella / knee	male	157	157774	0.668789808917197	0.000994105020546948	no
20002_1650	fracture patella / knee	both	262	340377	0.668789808917197	0.000769142699456022	no
20002_1651	fracture lower leg / ankle	female	691	182017	0.686878727634195	0.00378199093635747	no
20002_1651	fracture lower leg / ankle	male	1006	156925	0.686878727634195	0.00636987038643458	no
20002_1651	fracture lower leg / ankle	both	1697	338942	0.686878727634195	0.00498181359151477	no
20002_1652	fracture tibia	female	164	182544	0.449315068493151	0.000897607110799746	no
20002_1652	fracture tibia	male	365	157566	0.449315068493151	0.00231113587579386	no
20002_1652	fracture tibia	both	529	340110	0.449315068493151	0.00155296369470319	no
20002_1653	fracture fibula	female	181	182527	0.56386292834891	0.000990651750333866	no
20002_1653	fracture fibula	male	321	157610	0.56386292834891	0.00203253319487624	no
20002_1653	fracture fibula	both	502	340137	0.56386292834891	0.001473700897431	no
20002_1654	fracture foot	female	134	182574	0.971014492753623	0.000733410688092476	no
20002_1654	fracture foot	male	138	157793	0.971014492753623	0.000873799317423432	no
20002_1654	fracture foot	both	272	340367	0.971014492753623	0.000798499291038313	no
20002_1655	fracture metatarsal	female	107	182601	1.11458333333333	0.000585633907655932	no
20002_1655	fracture metatarsal	male	96	157835	1.11458333333333	0.000607860394729344	no
20002_1655	fracture metatarsal	both	203	340436	1.11458333333333	0.000595938809120506	no
20002_1656	fracture toe	female	147	182561	0.844827586206897	0.000804562471265626	no
20002_1656	fracture toe	male	174	157757	0.844827586206897	0.00110174696544694	no
20002_1656	fracture toe	both	321	340318	0.844827586206897	0.000942346589791539	no
20002_1657	septicaemia / sepsis	female	114	182594	0.844444444444445	0.000623946406287628	no
20002_1657	septicaemia / sepsis	male	135	157796	0.844444444444445	0.00085480368008814	no
20002_1657	septicaemia / sepsis	both	249	340390	0.844444444444445	0.000730979130399044	no
20002_1659	meningioma / benign meningeal tumour	female	78	182630	2.6	0.000426910699038904	no
20002_1659	meningioma / benign meningeal tumour	male	30	157901	2.6	0.00018995637335292	no
20002_1659	meningioma / benign meningeal tumour	both	108	340531	2.6	0.000317051189088742	no
20002_1660	rosacea	female	362	182346	1.26573426573427	0.00198130350066773	no
20002_1660	rosacea	male	286	157645	1.26573426573427	0.0018109174259645	no
20002_1660	rosacea	both	648	339991	1.26573426573427	0.00190230713453245	no
20002_1661	vitiligo	female	76	182632	1.35714285714286	0.000415964270858419	no
20002_1661	vitiligo	male	56	157875	1.35714285714286	0.000354585230258784	no
20002_1661	vitiligo	both	132	340507	1.35714285714286	0.00038750700888624	no
20002_1663	abnormal smear (cervix)	female	542	182166	-542	0.00296648203691136	Female specific
20002_1663	abnormal smear (cervix)	male	0	157931	-542	0	Female specific
20002_1663	abnormal smear (cervix)	both	542	340097	-542	0.00159112726376017	Female specific
20002_1664	dysmenorrhoea / dysmenorrhea	female	253	182455	-253	0.00138472316483132	Female specific
20002_1664	dysmenorrhoea / dysmenorrhea	male	0	157931	-253	0	Female specific
20002_1664	dysmenorrhoea / dysmenorrhea	both	253	340386	-253	0.000742721767031961	Female specific
20002_1665	menopausal symptoms / menopause	female	384	182324	384	0.00210171421065306	Female specific
20002_1665	menopausal symptoms / menopause	male	1	157930	384	6.331879111764e-06	Female specific
20002_1665	menopausal symptoms / menopause	both	385	340254	384	0.0011302287759182	Female specific
20002_1666	benign breast lump	female	1232	181476	61.6	0.00674299975917858	Female
20002_1666	benign breast lump	male	20	157911	61.6	0.00012663758223528	Female
20002_1666	benign breast lump	both	1252	339387	61.6	0.00367544526610282	Female
20002_1667	alopecia / hair loss	female	66	182642	1.5	0.000361232129955995	no
20002_1667	alopecia / hair loss	male	44	157887	1.5	0.000278602680917616	no
20002_1667	alopecia / hair loss	both	110	340529	1.5	0.0003229225074052	no
20002_1668	allergy to house dust mite	female	174	182534	1.41463414634146	0.00095233925170217	no
20002_1668	allergy to house dust mite	male	123	157808	1.41463414634146	0.000778821130746972	no
20002_1668	allergy to house dust mite	both	297	340342	1.41463414634146	0.000871890769994041	no
20002_1677	scarlet fever / scarlatina	female	260	182448	1.03174603174603	0.00142303566346301	no
20002_1677	scarlet fever / scarlatina	male	252	157679	1.03174603174603	0.00159563353616453	no
20002_1677	scarlet fever / scarlatina	both	512	340127	1.03174603174603	0.0015030574890133	no
20002_1679	undescended testicle	female	3	182705	0.0196078431372549	1.64196422707271e-05	Male
20002_1679	undescended testicle	male	153	157778	0.0196078431372549	0.000968777504099892	Male
20002_1679	undescended testicle	both	156	340483	0.0196078431372549	0.000457962828683739	Male
20002_1683	benign neuroma	female	91	182617	2.06818181818182	0.000498062482212054	no
20002_1683	benign neuroma	male	44	157887	2.06818181818182	0.000278602680917616	no
20002_1683	benign neuroma	both	135	340504	2.06818181818182	0.000396313986360928	no
20002_99999	unclassifiable	female	7820	174888	1.2512	0.0428005341856952	no
20002_99999	unclassifiable	male	6250	151681	1.2512	0.039574244448525	no
20002_99999	unclassifiable	both	14070	326569	1.2512	0.0413047243562833	no
