#feat_name,source_int,mapped_int,source_id,mapped_id,source_length,mapped_length,source_start,source_stop,source_strand,source_sub_start,source_sub_stop,mapped_start,mapped_stop,mapped_strand,coverage,recip,asm_unit
Line:1,1,1,chrX,chrX,27035,27035,192989,220023,+,192989,220023,276322,303356,+,1,First Pass,Primary Assembly
Line:2,1,1,chrX,chrX,10862,10862,220025,230886,+,220025,230886,303358,314219,+,1,First Pass,Primary Assembly
Line:3,1,1,chrX,chrX_KI270880v1_alt,52993,32416,294698,347690,+,315275,347690,37893,70308,+,0.6117,Second Pass,ALT_REF_LOCI_1
Line:3,1,2,chrX,chrX_KI270913v1_alt,52993,33502,294698,347690,+,314189,347690,25947,59448,+,0.6322,Second Pass,ALT_REF_LOCI_2
Line:3,1,3,chrX,chrX,52993,52993,294698,347690,+,294698,347690,333963,386955,+,1,First Pass,Primary Assembly
Line:4,1,1,chrX,chrX,35068,35068,585079,620146,+,585079,620146,624344,659411,+,1,First Pass,Primary Assembly
Line:5,1,1,chrX,chrX,41582,41582,1387693,1429274,+,1387693,1429274,1268800,1310381,+,1,First Pass,Primary Assembly
Line:6,1,1,chrX,chrX,46070,46070,1455509,1501578,+,1455509,1501578,1336616,1382685,+,1,First Pass,Primary Assembly
Line:7,1,1,chrX,chrX,6573,6573,1505045,1511617,+,1505045,1511617,1386152,1392724,+,1,First Pass,Primary Assembly
Line:8,1,1,chrX,chrX,2976,2976,1515320,1518295,+,1515320,1518295,1396427,1399402,+,1,First Pass,Primary Assembly
Line:9,1,1,chrX,chrX,12260,12260,1520662,1532921,+,1520662,1532921,1401769,1414028,+,1,First Pass,Primary Assembly
Line:10,1,1,chrX,chrX,50624,50624,1522032,1572655,+,1522032,1572655,1403139,1453762,+,1,First Pass,Primary Assembly
Line:11,1,1,chrX,chrX,74536,74536,1581465,1656000,+,1581465,1656000,1462572,1537107,+,1,First Pass,Primary Assembly
Line:12,1,1,chrX,chrX,10922,10922,1710486,1721407,+,1710486,1721407,1591593,1602514,+,1,First Pass,Primary Assembly
Line:13,1,1,chrX,chrX,28081,28081,1733894,1761974,+,1733894,1761974,1615001,1643081,+,1,First Pass,Primary Assembly
Line:14,1,1,chrX,chrX,283290,283290,2137557,2420846,+,2137557,2420846,2219516,2502805,+,1,First Pass,Primary Assembly
Line:15,1,1,chrX,chrX,14554,14554,2404455,2419008,+,2404455,2419008,2486414,2500967,+,1,First Pass,Primary Assembly
Line:16,1,1,chrX,chrX,47882,47882,2527389,2575270,+,2527389,2575270,2609348,2657229,+,1,First Pass,Primary Assembly
Line:17,1,1,chrX,chrX,50131,50131,2609220,2659350,+,2609220,2659350,2691179,2741309,+,1,First Pass,Primary Assembly
Line:18,1,1,chrX,chrX,64449,64449,2670091,2734539,+,2670091,2734539,2752050,2816498,+,1,First Pass,Primary Assembly
Line:19,1,1,chrX,chrX,54031,54031,2746829,2800859,+,2746829,2800859,2828788,2882818,+,1,First Pass,Primary Assembly
Line:20,1,1,chrX,chrX,25382,25382,2822011,2847392,+,2822011,2847392,2903970,2929351,+,1,First Pass,Primary Assembly
Line:21,1,1,chrX,chrX,33588,33588,2852699,2886286,+,2852699,2886286,2934658,2968245,+,1,First Pass,Primary Assembly
Line:22,1,1,chrX,chrX,26959,26959,2924654,2951612,+,2924654,2951612,3006613,3033571,+,1,First Pass,Primary Assembly
Line:23,1,1,chrX,chrX,71256,71256,2959512,3030767,+,2959512,3030767,3041471,3112726,+,1,First Pass,Primary Assembly
Line:24,1,1,chrX,chrX,12834,12834,3189861,3202694,+,3189861,3202694,3271820,3284653,+,1,First Pass,Primary Assembly
Line:25,1,1,chrX,chrX,38077,38077,3226606,3264682,+,3226606,3264682,3308565,3346641,+,1,First Pass,Primary Assembly
Line:26,1,1,chrX,chrX,109239,109239,3522411,3631649,+,3522411,3631649,3604370,3713608,+,1,First Pass,Primary Assembly
Line:27,1,1,chrX,chrX,26330,26330,3735569,3761898,+,3735569,3761898,3817528,3843857,+,1,First Pass,Primary Assembly
Line:28,1,1,chrX,chrX,388227,388227,5758678,6146904,+,5758678,6146904,5840637,6228863,+,1,First Pass,Primary Assembly
Line:29,1,1,chrX,chrX,99271,99271,6966961,7066231,+,6966961,7066231,7048920,7148190,+,1,First Pass,Primary Assembly
Line:30,1,1,chrX,chrX,135355,135355,7137497,7272851,+,7137497,7272851,7219456,7354810,+,1,First Pass,Primary Assembly
Line:31,1,1,chrX,chrX,29493,29493,7866288,7895780,+,7866288,7895780,7898247,7927739,+,1,First Pass,Primary Assembly
Line:32,1,1,chrX,chrX,203313,203313,8496915,8700227,+,8496915,8700227,8528874,8732186,+,1,First Pass,Primary Assembly
Line:33,1,1,chrX,chrX,140408,140408,8992273,9132680,+,8992273,9132680,9024232,9164639,+,1,First Pass,Primary Assembly
Line:34,1,1,chrX,chrX,256446,256446,9431335,9687780,+,9431335,9687780,9463295,9719740,+,1,First Pass,Primary Assembly
Line:35,1,1,chrX,chrX,60952,60952,9693386,9754337,+,9693386,9754337,9725346,9786297,+,1,First Pass,Primary Assembly
Line:36,1,1,chrX,chrX,162988,162988,9754496,9917483,+,9754496,9917483,9786456,9949443,+,1,First Pass,Primary Assembly
Line:37,1,1,chrX,chrX,128917,128917,9983602,10112518,+,9983602,10112518,10015562,10144478,+,1,First Pass,Primary Assembly
Line:38,1,1,chrX,chrX,80677,80677,10125024,10205700,+,10125024,10205700,10156984,10237660,+,1,First Pass,Primary Assembly
Line:39,1,1,chrX,chrX,438424,388345,10413350,10851773,+,10413350,10851773,10445310,10833654,+,0.88577,First Pass,Primary Assembly
Line:40,1,1,chrX,chrX,11778,11778,11129421,11141198,+,11129421,11141198,11111301,11123078,+,1,First Pass,Primary Assembly
Line:41,1,1,chrX,chrX,547583,547583,11136239,11683821,+,11136239,11683821,11118119,11665701,+,1,First Pass,Primary Assembly
Line:42,1,1,chrX,chrX,17593,17593,11776278,11793870,+,11776278,11793870,11758159,11775751,+,1,First Pass,Primary Assembly
Line:43,1,1,chrX,chrX,586058,586058,12156585,12742642,+,12156585,12742642,12138466,12724523,+,1,First Pass,Primary Assembly
Line:44,1,1,chrX,chrX,32868,32868,12809474,12842341,+,12809474,12842341,12791355,12824222,+,1,First Pass,Primary Assembly
Line:45,1,1,chrX,chrX,23298,23298,12885202,12908499,+,12885202,12908499,12867083,12890380,+,1,First Pass,Primary Assembly
Line:46,1,1,chrX,chrX,5517,5517,12920936,12926452,+,12920936,12926452,12902817,12908333,+,1,First Pass,Primary Assembly
Line:47,1,1,chrX,chrX,9065,9065,13053737,13062801,+,13053737,13062801,13035618,13044682,+,1,First Pass,Primary Assembly
Line:48,1,1,chrX,chrX,37405,37405,13284167,13321571,+,13284167,13321571,13266048,13303452,+,1,First Pass,Primary Assembly
Line:49,1,1,chrX,chrX,1749,1749,13336770,13338518,+,13336770,13338518,13318651,13320399,+,1,First Pass,Primary Assembly
Line:50,1,1,chrX,chrX,63971,63971,13587724,13651694,+,13587724,13651694,13569605,13633575,+,1,First Pass,Primary Assembly
Line:51,1,1,chrX,chrX,28859,28859,13671225,13700083,+,13671225,13700083,13653106,13681964,+,1,First Pass,Primary Assembly
Line:52,1,1,chrX,chrX,21382,21382,13707244,13728625,+,13707244,13728625,13689125,13710506,+,1,First Pass,Primary Assembly
Line:53,1,1,chrX,chrX,22392,22392,13730363,13752754,+,13730363,13752754,13712244,13734635,+,1,First Pass,Primary Assembly
Line:54,1,1,chrX,chrX,34649,34649,13752832,13787480,+,13752832,13787480,13734713,13769361,+,1,First Pass,Primary Assembly
Line:55,1,1,chrX,chrX,167608,167608,13789150,13956757,+,13789150,13956757,13771031,13938638,+,1,First Pass,Primary Assembly
Line:56,1,1,chrX,chrX,21615,21615,14026398,14048012,+,14026398,14048012,14008279,14029893,+,1,First Pass,Primary Assembly
Line:57,1,1,chrX,chrX,202515,202515,14547420,14749934,+,14547420,14749934,14529298,14731812,+,1,First Pass,Primary Assembly
Line:58,1,1,chrX,chrX,29663,29663,14861529,14891191,+,14861529,14891191,14843407,14873069,+,1,First Pass,Primary Assembly
Line:59,1,1,chrX,chrX,48887,48887,14891563,14940449,+,14891563,14940449,14873441,14922327,+,1,First Pass,Primary Assembly
Line:60,1,1,chrX,chrX,35180,35180,15253410,15288589,+,15253410,15288589,15235288,15270467,+,1,First Pass,Primary Assembly
Line:61,1,1,chrX,chrX,35726,35726,15298053,15333778,+,15298053,15333778,15279931,15315656,+,1,First Pass,Primary Assembly
Line:62,1,1,chrX,chrX,16104,16104,15337573,15353676,+,15337573,15353676,15319451,15335554,+,1,First Pass,Primary Assembly
Line:63,1,1,chrX,chrX,38786,38786,15363713,15402498,+,15363713,15402498,15345591,15384376,+,1,First Pass,Primary Assembly
Line:64,1,1,chrX,chrX,108767,108766,15402921,15511687,+,15402921,15511687,15384799,15493564,+,0.99999,First Pass,Primary Assembly
Line:65,1,1,chrX,chrX,92284,92284,15482369,15574652,+,15482369,15574652,15464246,15556529,+,1,First Pass,Primary Assembly
Line:66,1,1,chrX,chrX,41116,41116,15579156,15620271,+,15579156,15620271,15561033,15602148,+,1,First Pass,Primary Assembly
Line:67,1,1,chrX,chrX,37714,37714,15645441,15683154,+,15645441,15683154,15627318,15665031,+,1,First Pass,Primary Assembly
Line:68,1,1,chrX,chrX,28793,28793,15693055,15721847,+,15693055,15721847,15674932,15703724,+,1,First Pass,Primary Assembly
Line:69,1,1,chrX,chrX,98795,98795,15706953,15805747,+,15706953,15805747,15688830,15787624,+,1,First Pass,Primary Assembly
Line:70,1,1,chrX,chrX,32789,32789,15808595,15841383,+,15808595,15841383,15790472,15823260,+,1,First Pass,Primary Assembly
Line:71,1,1,chrX,chrX,29126,29126,15843929,15873054,+,15843929,15873054,15825806,15854931,+,1,First Pass,Primary Assembly
Line:72,1,1,chrX,chrX,29466,29466,16141679,16171144,+,16141679,16171144,16123556,16153021,+,1,First Pass,Primary Assembly
Line:73,1,1,chrX,chrX,124934,124934,16606126,16731059,+,16606126,16731059,16588003,16712936,+,1,First Pass,Primary Assembly
Line:74,1,1,chrX,chrX,4513,4513,16668281,16672793,+,16668281,16672793,16650158,16654670,+,1,First Pass,Primary Assembly
Line:75,1,1,chrX,chrX,45705,45705,16737755,16783459,+,16737755,16783459,16719632,16765336,+,1,First Pass,Primary Assembly
Line:76,1,1,chrX,chrX,58093,58093,16804550,16862642,+,16804550,16862642,16786427,16844519,+,1,First Pass,Primary Assembly
Line:77,1,1,chrX,chrX,31132,31132,16857406,16888537,+,16857406,16888537,16839283,16870414,+,1,First Pass,Primary Assembly
Line:78,1,1,chrX,chrX,206582,206582,16964814,17171395,+,16964814,17171395,16946691,17153272,+,1,First Pass,Primary Assembly
Line:79,1,1,chrX,chrX,360572,360575,17393543,17754114,+,17393543,17754114,17375420,17735994,+,1.00001,First Pass,Primary Assembly
Line:80,1,1,chrX,chrX,17518,17518,17755588,17773105,+,17755588,17773105,17737468,17754985,+,1,First Pass,Primary Assembly
Line:81,1,1,chrX,chrX,61289,61289,17818169,17879457,+,17818169,17879457,17800049,17861337,+,1,First Pass,Primary Assembly
Line:82,1,1,chrX,chrX,57974,57974,18181051,18239024,+,18181051,18239024,18162931,18220904,+,1,First Pass,Primary Assembly
Line:83,1,1,chrX,chrX,115414,115414,18257434,18372847,+,18257434,18372847,18239314,18354727,+,1,First Pass,Primary Assembly
Line:84,1,1,chrX,chrX,228047,228047,18443703,18671749,+,18443703,18671749,18425583,18653629,+,1,First Pass,Primary Assembly
Line:85,1,1,chrX,chrX,32200,32200,18658030,18690229,+,18658030,18690229,18639910,18672109,+,1,First Pass,Primary Assembly
Line:86,1,1,chrX,chrX,152011,152013,18694029,18846039,+,18694029,18846039,18675909,18827921,+,1.00001,First Pass,Primary Assembly
Line:87,1,1,chrX,chrX,92299,92299,18910418,19002716,+,18910418,19002716,18892300,18984598,+,1,First Pass,Primary Assembly
Line:88,1,1,chrX,chrX,133329,133329,19007427,19140755,+,19007427,19140755,18989309,19122637,+,1,First Pass,Primary Assembly
Line:89,1,1,chrX,chrX,17813,17813,19362011,19379823,+,19362011,19379823,19343893,19361705,+,1,First Pass,Primary Assembly
Line:90,1,1,chrX,chrX,155206,155206,19378174,19533379,+,19378174,19533379,19360056,19515261,+,1,First Pass,Primary Assembly
Line:91,1,1,chrX,chrX,353627,353627,19552093,19905719,+,19552093,19905719,19533975,19887601,+,1,First Pass,Primary Assembly
Line:92,1,1,chrX,chrX,57439,57439,19930978,19988416,+,19930978,19988416,19912860,19970298,+,1,First Pass,Primary Assembly
Line:93,1,1,chrX,chrX,110205,110205,20024831,20135035,+,20024831,20135035,20006713,20116917,+,1,First Pass,Primary Assembly
Line:94,1,1,chrX,chrX,17327,17327,20142636,20159962,+,20142636,20159962,20124518,20141844,+,1,First Pass,Primary Assembly
Line:95,1,1,chrX,chrX,117495,117495,20168029,20285523,+,20168029,20285523,20149911,20267405,+,1,First Pass,Primary Assembly
Line:96,1,1,chrX,chrX,280278,280278,21392536,21672813,+,21392536,21672813,21374418,21654695,+,1,First Pass,Primary Assembly
Line:97,1,1,chrX,chrX,52192,52192,21724090,21776281,+,21724090,21776281,21705972,21758163,+,1,First Pass,Primary Assembly
Line:98,1,1,chrX,chrX,45789,45789,21857754,21903542,+,21857754,21903542,21839636,21885424,+,1,First Pass,Primary Assembly
Line:99,1,1,chrX,chrX,67108,67108,21958691,22025798,+,21958691,22025798,21940573,22007680,+,1,First Pass,Primary Assembly
Line:100,1,1,chrX,chrX,218869,218870,22050559,22269427,+,22050559,22269427,22032441,22251310,+,1,First Pass,Primary Assembly
Line:101,1,1,chrX,chrX,10251,10251,22180850,22191100,+,22180850,22191100,22162733,22172983,+,1,First Pass,Primary Assembly
Line:102,1,1,chrX,chrX,70357,70357,23352133,23422489,+,23352133,23422489,23334016,23404372,+,1,First Pass,Primary Assembly
Line:103,1,1,chrX,chrX,22138,22138,23682379,23704516,+,23682379,23704516,23664262,23686399,+,1,First Pass,Primary Assembly
Line:104,1,1,chrX,chrX,64223,64223,23720370,23784592,+,23720370,23784592,23702253,23766475,+,1,First Pass,Primary Assembly
Line:105,1,1,chrX,chrX,3054,3054,23801290,23804343,+,23801290,23804343,23783173,23786226,+,1,First Pass,Primary Assembly
Line:106,1,1,chrX,chrX,74588,74588,23851470,23926057,+,23851470,23926057,23833353,23907940,+,1,First Pass,Primary Assembly
Line:107,1,1,chrX,chrX,31707,31707,23925918,23957624,+,23925918,23957624,23907801,23939507,+,1,First Pass,Primary Assembly
Line:108,1,1,chrX,chrX,43467,43467,24001837,24045303,+,24001837,24045303,23983720,24027186,+,1,First Pass,Primary Assembly
Line:109,1,1,chrX,chrX,23256,23256,24072833,24096088,+,24072833,24096088,24054716,24077971,+,1,First Pass,Primary Assembly
Line:110,1,1,chrX,chrX,67083,67083,24167290,24234372,+,24167290,24234372,24149173,24216255,+,1,First Pass,Primary Assembly
Line:111,1,1,chrX,chrX,74617,74617,24483338,24557954,+,24483338,24557954,24465221,24539837,+,1,First Pass,Primary Assembly
Line:112,1,1,chrX,chrX,114591,114591,24576204,24690794,+,24576204,24690794,24558087,24672677,+,1,First Pass,Primary Assembly
Line:113,1,1,chrX,chrX,303068,303068,24712036,25015103,+,24712036,25015103,24693919,24996986,+,1,First Pass,Primary Assembly
Line:114,1,1,chrX,chrX,2393,2393,26156460,26158852,+,26156460,26158852,26138343,26140735,+,1,First Pass,Primary Assembly
Line:115,1,1,chrX,chrX,2716,2716,26576454,26579169,+,26576454,26579169,26558337,26561052,+,1,First Pass,Primary Assembly
Line:116,1,1,chrX,chrX,133392,133392,27061024,27194415,+,27061024,27194415,27042907,27176298,+,1,First Pass,Primary Assembly
Line:117,1,1,chrX,chrX,2493,2493,27478921,27481413,+,27478921,27481413,27460804,27463296,+,1,First Pass,Primary Assembly
Line:118,1,1,chrX,chrX,1369325,1369325,28605516,29974840,+,28605516,29974840,28587399,29956723,+,1,First Pass,Primary Assembly
Line:119,1,1,chrX,chrX,7055,7055,30248553,30255607,+,30248553,30255607,30230436,30237490,+,1,First Pass,Primary Assembly
Line:120,1,1,chrX,chrX,5393,5393,30322323,30327715,+,30322323,30327715,30304206,30309598,+,1,First Pass,Primary Assembly
Line:121,1,1,chrX,chrX,19021,19021,30576941,30595961,+,30576941,30595961,30558824,30577844,+,1,First Pass,Primary Assembly
Line:122,1,1,chrX,chrX,77250,77250,30671476,30748725,+,30671476,30748725,30653359,30730608,+,1,First Pass,Primary Assembly
Line:123,1,1,chrX,chrX,147643,147643,30845559,30993201,+,30845559,30993201,30827442,30975084,+,1,First Pass,Primary Assembly
Line:124,1,1,chrX,chrX,2241765,2241765,31115794,33357558,+,31115794,33357558,31097677,33339441,+,1,First Pass,Primary Assembly
Line:125,1,1,chrX,chrX,5394,5394,35816459,35821852,+,35816459,35821852,35798342,35803735,+,1,First Pass,Primary Assembly
Line:126,1,1,chrX,chrX,70419,70419,35937851,36008269,+,35937851,36008269,35919734,35990152,+,1,First Pass,Primary Assembly
Line:127,1,1,chrX,chrX,156697,156699,36246735,36403431,+,36246735,36403431,36228618,36385316,+,1.00001,First Pass,Primary Assembly
Line:128,1,1,chrX,chrX,108021,108021,37208528,37316548,+,37208528,37316548,37349275,37457295,+,1,First Pass,Primary Assembly
Line:129,1,1,chrX,chrX,112895,112895,37430822,37543716,+,37430822,37543716,37571569,37684463,+,1,First Pass,Primary Assembly
Line:130,1,1,chrX,chrX,46372,46372,37545012,37591383,+,37545012,37591383,37685759,37732130,+,1,First Pass,Primary Assembly
Line:131,1,1,chrX,chrX,33451,33451,37639264,37672714,+,37639264,37672714,37780011,37813461,+,1,First Pass,Primary Assembly
Line:132,1,1,chrX,chrX,10881,10881,37696010,37706890,+,37696010,37706890,37836757,37847637,+,1,First Pass,Primary Assembly
Line:133,1,1,chrX,chrX,122238,122238,37865835,37988072,+,37865835,37988072,38006582,38128819,+,1,First Pass,Primary Assembly
Line:134,1,1,chrX,chrX,72108,72108,38008589,38080696,+,38008589,38080696,38149336,38221443,+,1,First Pass,Primary Assembly
Line:135,1,1,chrX,chrX,58402,58402,38128416,38186817,+,38128416,38186817,38269163,38327564,+,1,First Pass,Primary Assembly
Line:136,1,1,chrX,chrX,68906,68906,38211798,38280703,+,38211798,38280703,38352545,38421450,+,1,First Pass,Primary Assembly
Line:137,1,1,chrX,chrX,127547,127546,38420623,38548169,+,38420623,38548169,38561370,38688915,+,0.99999,First Pass,Primary Assembly
Line:138,1,1,chrX,chrX,5106,5106,38660685,38665790,+,38660685,38665790,38801432,38806537,+,1,First Pass,Primary Assembly
Line:139,1,1,chrX,chrX,127515,127515,39909068,40036582,+,39909068,40036582,40049815,40177329,+,1,First Pass,Primary Assembly
Line:140,1,1,chrX,chrX,25744,25744,40440146,40465889,+,40440146,40465889,40580894,40606637,+,1,First Pass,Primary Assembly
Line:141,1,1,chrX,chrX,277,277,40482836,40483112,+,40482836,40483112,40623584,40623860,+,1,First Pass,Primary Assembly
Line:142,1,1,chrX,chrX,18535,18535,40488285,40506819,+,40488285,40506819,40629033,40647567,+,1,First Pass,Primary Assembly
Line:143,1,1,chrX,chrX,87553,87553,40507558,40595110,+,40507558,40595110,40648306,40735858,+,1,First Pass,Primary Assembly
Line:144,1,1,chrX,chrX,150945,150945,40944888,41095832,+,40944888,41095832,41085635,41236579,+,1,First Pass,Primary Assembly
Line:145,1,1,chrX,chrX,31075,31075,41192651,41223725,+,41192651,41223725,41333398,41364472,+,1,First Pass,Primary Assembly
Line:146,1,1,chrX,chrX,28277,28277,41306687,41334963,+,41306687,41334963,41447434,41475710,+,1,First Pass,Primary Assembly
Line:147,1,1,chrX,chrX,408530,408530,41374187,41782716,+,41374187,41782716,41514934,41923463,+,1,First Pass,Primary Assembly
Line:148,1,1,chrX,chrX,8301,8301,41548226,41556526,+,41548226,41556526,41688973,41697273,+,1,First Pass,Primary Assembly
Line:149,1,1,chrX,chrX,90602,90603,43515467,43606068,+,43515467,43606068,43656219,43746821,+,1.00001,First Pass,Primary Assembly
Line:150,1,1,chrX,chrX,115836,115837,43625858,43741693,+,43625858,43741693,43766611,43882447,+,1.00001,First Pass,Primary Assembly
Line:151,1,1,chrX,chrX,24729,24729,43808022,43832750,+,43808022,43832750,43948776,43973504,+,1,First Pass,Primary Assembly
Line:152,1,1,chrX,chrX,195791,195791,44007128,44202918,+,44007128,44202918,44147882,44343672,+,1,First Pass,Primary Assembly
Line:153,1,1,chrX,chrX,19363,19363,44382885,44402247,+,44382885,44402247,44523639,44543001,+,1,First Pass,Primary Assembly
Line:154,1,1,chrX,chrX,239091,239092,44732757,44971847,+,44732757,44971847,44873511,45112602,+,1,First Pass,Primary Assembly
Line:155,1,1,chrX,chrX,52528,52528,45007619,45060146,+,45007619,45060146,45148374,45200901,+,1,First Pass,Primary Assembly
Line:156,1,1,chrX,chrX,25039,25064,45604639,45629677,+,45604639,45629677,45745211,45770274,+,1.001,First Pass,Primary Assembly
Line:157,1,1,chrX,chrX,50566,50566,46306292,46356857,+,46306292,46356857,46446857,46497422,+,1,First Pass,Primary Assembly
Line:158,1,1,chrX,chrX,47731,47731,46357162,46404892,+,46357162,46404892,46497727,46545457,+,1,First Pass,Primary Assembly
Line:159,1,1,chrX,chrX,2916,2916,46404928,46407843,+,46404928,46407843,46545493,46548408,+,1,First Pass,Primary Assembly
Line:160,1,1,chrX,chrX,24625,24625,46433219,46457843,+,46433219,46457843,46573784,46598408,+,1,First Pass,Primary Assembly
Line:161,1,1,chrX,chrX,153738,153738,46464753,46618490,+,46464753,46618490,46605318,46759055,+,1,First Pass,Primary Assembly
Line:162,1,1,chrX,chrX,45419,45419,46696375,46741793,+,46696375,46741793,46836940,46882358,+,1,First Pass,Primary Assembly
Line:163,1,1,chrX,chrX,148931,148967,46771711,46920641,+,46771711,46920641,46912276,47061242,+,1.00024,First Pass,Primary Assembly
Line:164,1,1,chrX,chrX,14938,14938,46937775,46952712,+,46937775,46952712,47078376,47093313,+,1,First Pass,Primary Assembly
Line:165,1,1,chrX,chrX,3289,3289,47001615,47004903,+,47001615,47004903,47142216,47145504,+,1,First Pass,Primary Assembly
Line:166,1,1,chrX,chrX,41945,41945,47004268,47046212,+,47004268,47046212,47144869,47186813,+,1,First Pass,Primary Assembly
Line:167,1,1,chrX,chrX,24268,24268,47050260,47074527,+,47050260,47074527,47190861,47215128,+,1,First Pass,Primary Assembly
Line:168,1,1,chrX,chrX,12138,12138,47077259,47089396,+,47077259,47089396,47217860,47229997,+,1,First Pass,Primary Assembly
Line:169,1,1,chrX,chrX,15639,15639,47092089,47107727,+,47092089,47107727,47232690,47248328,+,1,First Pass,Primary Assembly
Line:170,1,1,chrX,chrX,43723,43723,47229982,47273704,+,47229982,47273704,47370583,47414305,+,1,First Pass,Primary Assembly
Line:171,1,1,chrX,chrX,37068,37068,47305278,47342345,+,47305278,47342345,47445879,47482946,+,1,First Pass,Primary Assembly
Line:172,1,1,chrX,chrX,1238,1238,47342970,47344207,+,47342970,47344207,47483571,47484808,+,1,First Pass,Primary Assembly
Line:173,1,1,chrX,chrX,10792,10792,47420516,47431307,+,47420516,47431307,47561117,47571908,+,1,First Pass,Primary Assembly
Line:174,1,1,chrX,chrX,47950,47950,47431303,47479252,+,47431303,47479252,47571904,47619853,+,1,First Pass,Primary Assembly
Line:175,1,1,chrX,chrX,4477,4477,47441712,47446188,+,47441712,47446188,47582313,47586789,+,1,First Pass,Primary Assembly
Line:176,1,1,chrX,chrX,6093,6093,47483612,47489704,+,47483612,47489704,47624213,47630305,+,1,First Pass,Primary Assembly
Line:177,1,1,chrX,chrX,15084,15084,47494920,47510003,+,47494920,47510003,47635521,47650604,+,1,First Pass,Primary Assembly
Line:178,1,1,chrX,chrX,7364,7364,47511197,47518560,+,47511197,47518560,47651798,47659161,+,1,First Pass,Primary Assembly
Line:179,1,1,chrX,chrX,165660,165660,47696301,47861960,+,47696301,47861960,47836902,48002561,+,1,First Pass,Primary Assembly
Line:180,1,1,chrX,chrX,29128,29128,47834250,47863377,+,47834250,47863377,47974851,48003978,+,1,First Pass,Primary Assembly
Line:181,1,1,chrX,chrX,88270,88303,47842756,47931025,+,47842756,47931025,47983356,48071658,+,1.00037,First Pass,Primary Assembly
Line:182,1,1,chrX,chrX,11725,11720,48316920,48328644,+,48316920,48328644,48458537,48470256,+,0.99957,First Pass,Primary Assembly
Line:183,1,1,chrX,chrX,10212,10212,48334541,48344752,+,48334541,48344752,48476153,48486364,+,1,First Pass,Primary Assembly
Line:184,1,1,chrX,chrX,11853,11853,48367350,48379202,+,48367350,48379202,48508962,48520814,+,1,First Pass,Primary Assembly
Line:185,1,1,chrX,chrX,23153,23153,48397845,48420997,+,48397845,48420997,48539457,48562609,+,1,First Pass,Primary Assembly
Line:186,1,1,chrX,chrX,4618,4618,48432837,48437454,+,48432837,48437454,48574449,48579066,+,1,First Pass,Primary Assembly
Line:187,1,1,chrX,chrX,1384,1384,48438162,48439545,+,48438162,48439545,48579774,48581157,+,1,First Pass,Primary Assembly
Line:188,1,1,chrX,chrX,15152,15152,48448430,48463581,+,48448430,48463581,48590042,48605193,+,1,First Pass,Primary Assembly
Line:189,1,1,chrX,chrX,14834,14832,48534985,48549818,+,48534985,48549818,48676596,48691427,+,0.99987,First Pass,Primary Assembly
Line:190,1,1,chrX,chrX,13459,13459,48553945,48567403,+,48553945,48567403,48695554,48709012,+,1,First Pass,Primary Assembly
Line:191,1,1,chrX,chrX,7755,7756,48644962,48652716,+,48644962,48652716,48786554,48794309,+,1.00013,First Pass,Primary Assembly
Line:192,1,1,chrX,chrX,23609,23606,48659784,48683392,+,48659784,48683392,48801377,48824982,+,0.99987,First Pass,Primary Assembly
Line:193,1,1,chrX,chrX,4697,4697,48750730,48755426,+,48750730,48755426,48893447,48898143,+,1,First Pass,Primary Assembly
Line:194,1,1,chrX,chrX,5226,5232,48755195,48760420,+,48755195,48760420,48897912,48903143,+,1.00115,First Pass,Primary Assembly
Line:195,1,1,chrX,chrX,8777,8777,48760459,48769235,+,48760459,48769235,48903182,48911958,+,1,First Pass,Primary Assembly
Line:196,1,1,chrX,chrX,5843,5843,48770459,48776301,+,48770459,48776301,48913182,48919024,+,1,First Pass,Primary Assembly
Line:197,1,1,chrX,chrX,36344,36359,48779305,48815648,+,48779305,48815648,48922028,48958386,+,1.00041,First Pass,Primary Assembly
Line:198,1,1,chrX,chrX,9338,10192,48818639,48827976,+,48818639,48827976,48961378,48971569,+,1.09145,First Pass,Primary Assembly
Line:199,1,1,chrX,chrX,28542,28542,48830134,48858675,+,48830134,48858675,48973723,49002264,+,1,First Pass,Primary Assembly
Line:200,1,1,chrX,chrX,14771,14756,48886242,48901012,+,48886242,48901012,49028731,49043486,+,0.99898,First Pass,Primary Assembly
Line:201,1,1,chrX,chrX,16409,16286,48911101,48927509,+,48911101,48927509,49053572,49069857,+,0.9925,First Pass,Primary Assembly
Line:202,1,1,chrX,chrX,2918,2916,48928813,48931730,+,48928813,48931730,49071156,49074071,+,0.99931,First Pass,Primary Assembly
Line:203,1,1,chrX,chrX,28724,29445,48929385,48958108,+,48929385,48958108,49071726,49101170,+,1.0251,First Pass,Primary Assembly
Line:204,1,1,chrX,chrX,9818,10406,48970334,48980151,+,48970334,48980151,49113396,49123801,+,1.05989,First Pass,Primary Assembly
Line:205,1,1,chrX,chrX,5762,5762,49019061,49024822,+,49019065,49024822,49162724,49168485,+,1,First Pass,Primary Assembly
Line:206,1,1,chrX,chrX,3316,3314,49028273,49031588,+,49028273,49031588,49171926,49175239,+,0.9994,First Pass,Primary Assembly
Line:207,1,1,chrX,chrX,11695,11591,49031151,49042845,+,49031151,49042845,49174802,49186392,+,0.99111,First Pass,Primary Assembly
Line:208,1,1,chrX,chrX,12450,12444,49044269,49056718,+,49044269,49056718,49187816,49200259,+,0.99952,First Pass,Primary Assembly
Line:209,1,1,chrX,chrX,28311,28309,49061523,49089833,+,49061523,49089833,49205063,49233371,+,0.99993,First Pass,Primary Assembly
Line:210,1,1,chrX,chrX,15061,15060,49091927,49106987,+,49091927,49106987,49235467,49250526,+,0.99993,First Pass,Primary Assembly
Line:211,1,1,chrX,chrX,14392,14391,49106897,49121288,+,49106897,49121288,49250436,49264826,+,0.99993,First Pass,Primary Assembly
Line:212,1,1,chrX,chrX,31624,31608,49126306,49157929,+,49126306,49157929,49269843,49301450,+,0.99949,First Pass,Primary Assembly
Line:213,1,1,chrX,chrX,2518,2518,49641327,49643844,+,49641327,49643844,49876724,49879241,+,1,First Pass,Primary Assembly
Line:214,1,1,chrX,chrX,176668,176621,49687225,49863892,+,49687225,49863892,49922615,50099235,+,0.99973,First Pass,Primary Assembly
Line:215,1,1,chrX,chrX,10259,10251,49955406,49965664,+,49955406,49965664,50190763,50201013,+,0.99922,First Pass,Primary Assembly
Line:216,1,1,chrX,chrX,127546,149198,49967364,50094909,+,49967364,50094909,50202713,50351910,+,1.16976,First Pass,Primary Assembly
Line:217,1,1,chrX,chrX,105330,105330,50108408,50213737,+,50108408,50213737,50365409,50470738,+,1,First Pass,Primary Assembly
Line:218,1,1,chrX,chrX,222656,222656,50334647,50557302,+,50334647,50557302,50591647,50814302,+,1,First Pass,Primary Assembly
Line:219,1,1,chrX,chrX,5295,5295,51075083,51080377,+,51075083,51080377,51332231,51337525,+,1,First Pass,Primary Assembly
Line:220,1,1,chrX,chrX,1921,1921,51149767,51151687,+,51149767,51151687,51406915,51408835,+,1,First Pass,Primary Assembly
Line:221,1,1,chrX,chrX,6586,6586,51232863,51239448,+,51232863,51239448,51490011,51496596,+,1,First Pass,Primary Assembly
Line:222,1,1,chrX,chrX,2844,2844,51486481,51489324,+,51486481,51489324,51743385,51746228,+,1,First Pass,Primary Assembly
Line:223,1,1,chrX,chrX,99351,99351,51546103,51645453,+,51546103,51645453,51803007,51902357,+,1,First Pass,Primary Assembly
Line:224,1,1,chrX,chrX,11014,11014,52651985,52662998,+,52651985,52662998,52622935,52633948,+,1,First Pass,Primary Assembly
Line:225,1,1,chrX,chrX,48190,48219,52976462,53024651,+,52976462,53024651,52947254,52995472,+,1.0006,First Pass,Primary Assembly
Line:226,1,1,chrX,chrX,31525,31525,53078273,53109797,+,53078273,53109797,53049091,53080615,+,1,First Pass,Primary Assembly
Line:227,1,1,chrX,chrX,6174,6174,53111549,53117722,+,53111549,53117722,53082367,53088540,+,1,First Pass,Primary Assembly
Line:228,1,1,chrX,chrX,72870,72870,53123327,53196196,+,53123327,53196196,53094145,53167014,+,1,First Pass,Primary Assembly
Line:229,1,1,chrX,chrX,1818,1818,53198279,53200096,+,53198279,53200096,53169097,53170914,+,1,First Pass,Primary Assembly
Line:230,1,1,chrX,chrX,34102,34102,53220503,53254604,+,53220503,53254604,53191321,53225422,+,1,First Pass,Primary Assembly
Line:231,1,1,chrX,chrX,88465,88449,53262058,53350522,+,53262058,53350522,53232876,53321324,+,0.99982,First Pass,Primary Assembly
Line:232,1,1,chrX,chrX,48608,48580,53401070,53449677,+,53401070,53449677,53374149,53422728,+,0.99942,First Pass,Primary Assembly
Line:233,1,1,chrX,chrX,8421,8422,53449639,53458059,+,53449639,53458059,53422690,53431111,+,1.00012,First Pass,Primary Assembly
Line:234,1,1,chrX,chrX,3115,3116,53458206,53461320,+,53458206,53461320,53431258,53434373,+,1.00032,First Pass,Primary Assembly
Line:235,1,1,chrX,chrX,154617,154633,53559057,53713673,+,53559057,53713673,53532096,53686728,+,1.0001,First Pass,Primary Assembly
Line:236,1,1,chrX,chrX,112283,112283,53963109,54075391,+,53963109,54075391,53936676,54048958,+,1,First Pass,Primary Assembly
Line:237,1,1,chrX,chrX,114958,114958,54094757,54209714,+,54094757,54209714,54068324,54183281,+,1,First Pass,Primary Assembly
Line:238,1,1,chrX,chrX,165820,165820,54219256,54385075,+,54219256,54385075,54192823,54358642,+,1,First Pass,Primary Assembly
Line:239,1,1,chrX,chrX,5087,5087,54466834,54471920,+,54466834,54471920,54440401,54445487,+,1,First Pass,Primary Assembly
Line:240,1,1,chrX,chrX,50713,50713,54471887,54522599,+,54471887,54522599,54445454,54496166,+,1,First Pass,Primary Assembly
Line:241,1,1,chrX,chrX,30861,30861,54556644,54587504,+,54556644,54587504,54530211,54561071,+,1,First Pass,Primary Assembly
Line:242,1,1,chrX,chrX,8414,8414,54834032,54842445,+,54834032,54842445,54807599,54816012,+,1,First Pass,Primary Assembly
Line:243,1,1,chrX,chrX,10970,10970,54946895,54957864,+,54946895,54957864,54920462,54931431,+,1,First Pass,Primary Assembly
Line:244,1,1,chrX,chrX,65574,65574,54959394,55024967,+,54959394,55024967,54932961,54998534,+,1,First Pass,Primary Assembly
Line:245,1,1,chrX,chrX,8701,8701,55026790,55035490,+,55026790,55035490,55000357,55009057,+,1,First Pass,Primary Assembly
Line:246,1,1,chrX,chrX,22010,22010,55035488,55057497,+,55035488,55057497,55009055,55031064,+,1,First Pass,Primary Assembly
Line:247,1,1,chrX,chrX,18209,18209,55169535,55187743,+,55169535,55187743,55143102,55161310,+,1,First Pass,Primary Assembly
Line:248,1,1,chrX,chrX,1461,1461,55478538,55479998,+,55478538,55479998,55452105,55453565,+,1,First Pass,Primary Assembly
Line:249,1,1,chrX,chrX,41036,41036,55744172,55785207,+,55744172,55785207,55717739,55758774,+,1,First Pass,Primary Assembly
Line:250,1,1,chrX,chrX,55469,55469,56258854,56314322,+,56258854,56314322,56232421,56287889,+,1,First Pass,Primary Assembly
Line:251,1,1,chrX,chrX,3418,3418,56590026,56593443,+,56590026,56593443,56563593,56567010,+,1,First Pass,Primary Assembly
Line:252,1,1,chrX,chrX,89122,89122,56755692,56844813,+,56755692,56844813,56729259,56818380,+,1,First Pass,Primary Assembly
Line:253,1,1,chrX,chrX,19168,19168,57002803,57021970,+,57002803,57021970,56976370,56995537,+,1,First Pass,Primary Assembly
Line:254,1,1,chrX,chrX,3096,3096,57160963,57164058,+,57160963,57164058,57134530,57137625,+,1,First Pass,Primary Assembly
Line:255,1,1,chrX,chrX,202491,202491,57313139,57515629,+,57313139,57515629,57286706,57489196,+,1,First Pass,Primary Assembly
Line:256,1,1,chrX,chrX,217846,217845,62563106,62780951,+,62563106,62780951,63343227,63561071,+,1,First Pass,Primary Assembly
Line:257,1,1,chrX,chrX,4117,4117,62567107,62571223,+,62567107,62571223,63347228,63351344,+,1,First Pass,Primary Assembly
Line:258,1,1,chrX,chrX,150580,150580,62854847,63005426,+,62854847,63005426,63634967,63785546,+,1,First Pass,Primary Assembly
Line:259,1,1,chrX,chrX,20628,20628,63404997,63425624,+,63404997,63425624,64185117,64205744,+,1,First Pass,Primary Assembly
Line:260,1,1,chrX,chrX,6436,6436,63444076,63450511,+,63444076,63450511,64224196,64230631,+,1,First Pass,Primary Assembly
Line:261,1,1,chrX,chrX,171147,171147,63444187,63615333,+,63444187,63615333,64224307,64395453,+,1,First Pass,Primary Assembly
Line:262,1,1,chrX,chrX,118344,118344,64136250,64254593,+,64136250,64254593,64916370,65034713,+,1,First Pass,Primary Assembly
Line:263,1,1,chrX,chrX,19153,19153,64708615,64727767,+,64708615,64727767,65488735,65507887,+,1,First Pass,Primary Assembly
Line:264,1,1,chrX,chrX,22194,22194,64732462,64754655,+,64732462,64754655,65512582,65534775,+,1,First Pass,Primary Assembly
Line:265,1,1,chrX,chrX,153535,153553,64808257,64961791,+,64808257,64961791,65588377,65741929,+,1.00012,First Pass,Primary Assembly
Line:266,1,1,chrX,chrX,18388,18388,65241580,65259967,+,65241580,65259967,66021738,66040125,+,1,First Pass,Primary Assembly
Line:267,1,1,chrX,chrX,106319,106319,65382391,65488709,+,65382391,65488709,66162549,66268867,+,1,First Pass,Primary Assembly
Line:268,1,1,chrX,chrX,43630,43630,65815479,65859108,+,65815479,65859108,66595637,66639266,+,1,First Pass,Primary Assembly
Line:269,1,1,chrX,chrX,185997,185997,66764465,66950461,+,66764465,66950461,67544623,67730619,+,1,First Pass,Primary Assembly
Line:270,1,1,chrX,chrX,391570,391570,67262186,67653755,+,67262186,67653755,68042344,68433913,+,1,First Pass,Primary Assembly
Line:271,1,1,chrX,chrX,38963,38963,67718165,67757127,+,67718165,67757127,68498323,68537285,+,1,First Pass,Primary Assembly
Line:272,1,1,chrX,chrX,78177,78177,67867508,67945684,+,67867508,67945684,68647666,68725842,+,1,First Pass,Primary Assembly
Line:273,1,1,chrX,chrX,13151,13151,68048840,68061990,+,68048840,68061990,68828997,68842147,+,1,First Pass,Primary Assembly
Line:274,1,1,chrX,chrX,4943,4943,68380694,68385636,+,68380694,68385636,69160851,69165793,+,1,First Pass,Primary Assembly
Line:275,1,1,chrX,chrX,423409,423403,68835911,69259319,+,68835911,69259319,69616067,70039469,+,0.99999,First Pass,Primary Assembly
Line:276,1,1,chrX,chrX,32876,32876,69353299,69386174,+,69353299,69386174,70133449,70166324,+,1,First Pass,Primary Assembly
Line:277,1,1,chrX,chrX,28063,28063,69397333,69425395,+,69397333,69425395,70177483,70205545,+,1,First Pass,Primary Assembly
Line:278,1,1,chrX,chrX,5973,5973,69454505,69460477,+,69454505,69460477,70234655,70240627,+,1,First Pass,Primary Assembly
Line:279,1,1,chrX,chrX,1639,1639,69478016,69479654,+,69478016,69479654,70258166,70259804,+,1,First Pass,Primary Assembly
Line:280,1,1,chrX,chrX,13536,13536,69488155,69501690,+,69488155,69501690,70268305,70281840,+,1,First Pass,Primary Assembly
Line:281,1,1,chrX,chrX,2910,2910,69501943,69504852,+,69501943,69504852,70282093,70285002,+,1,First Pass,Primary Assembly
Line:282,1,1,chrX,chrX,130804,130804,69509879,69640682,+,69509879,69640682,70290029,70420832,+,1,First Pass,Primary Assembly
Line:283,1,1,chrX,chrX,60627,60627,69664711,69725337,+,69664711,69725337,70444861,70505487,+,1,First Pass,Primary Assembly
Line:284,1,1,chrX,chrX,9180,9180,70279094,70288273,+,70279094,70288273,71059244,71068423,+,1,First Pass,Primary Assembly
Line:285,1,1,chrX,chrX,7339,7339,70316047,70323385,+,70316047,70323385,71096197,71103535,+,1,First Pass,Primary Assembly
Line:286,1,1,chrX,chrX,2900,2900,70323739,70326638,+,70323739,70326638,71103889,71106788,+,1,First Pass,Primary Assembly
Line:287,1,1,chrX,chrX,23898,23898,70338406,70362303,+,70338406,70362303,71118556,71142453,+,1,First Pass,Primary Assembly
Line:288,1,1,chrX,chrX,26371,26371,70364681,70391051,+,70364681,70391051,71144831,71171201,+,1,First Pass,Primary Assembly
Line:289,1,1,chrX,chrX,15523,15523,70459474,70474996,+,70459474,70474996,71239624,71255146,+,1,First Pass,Primary Assembly
Line:290,1,1,chrX,chrX,17977,17977,70503042,70521018,+,70503042,70521018,71283192,71301168,+,1,First Pass,Primary Assembly
Line:291,1,1,chrX,chrX,3638,3638,70521584,70525221,+,70521584,70525221,71301734,71305371,+,1,First Pass,Primary Assembly
Line:292,1,1,chrX,chrX,166111,166111,70586114,70752224,+,70586114,70752224,71366264,71532374,+,1,First Pass,Primary Assembly
Line:293,1,1,chrX,chrX,42815,42815,70752933,70795747,+,70752933,70795747,71533083,71575897,+,1,First Pass,Primary Assembly
Line:294,1,1,chrX,chrX,35173,35173,70798261,70833433,+,70798261,70833433,71578411,71613583,+,1,First Pass,Primary Assembly
Line:295,1,1,chrX,chrX,2602,2602,70835766,70838367,+,70835766,70838367,71615916,71618517,+,1,First Pass,Primary Assembly
Line:296,1,1,chrX,chrX,232487,232487,71130938,71363424,+,71130938,71363424,71911088,72143574,+,1,First Pass,Primary Assembly
Line:297,1,1,chrX,chrX,4801,4801,71346958,71351758,+,71346958,71351758,72127108,72131908,+,1,First Pass,Primary Assembly
Line:298,1,1,chrX,chrX,17567,17567,71364034,71381600,+,71364034,71381600,72144184,72161750,+,1,First Pass,Primary Assembly
Line:299,1,1,chrX,chrX,121574,121574,71401203,71522776,+,71401203,71522776,72181353,72302926,+,1,First Pass,Primary Assembly
Line:300,1,1,chrX,chrX,34388,34388,71424510,71458897,+,71424510,71458897,72204660,72239047,+,1,First Pass,Primary Assembly
Line:301,1,1,chrX,chrX,21622,21622,71475529,71497150,+,71475529,71497150,72255679,72277300,+,1,First Pass,Primary Assembly
Line:302,1,1,chrX,chrX,5550,5550,71521488,71527037,+,71521488,71527037,72301638,72307187,+,1,First Pass,Primary Assembly
Line:303,1,1,chrX,chrX,243588,243588,71549366,71792953,+,71549366,71792953,72329516,72573103,+,1,First Pass,Primary Assembly
Line:304,1,1,chrX,chrX,135504,135506,71798664,71934167,+,71798664,71934167,72578814,72714319,+,1.00001,First Pass,Primary Assembly
Line:305,1,1,chrX,chrX,2550,2550,72432135,72434684,+,72432135,72434684,73212299,73214848,+,1,First Pass,Primary Assembly
Line:306,1,1,chrX,chrX,38811,38811,72744111,72782921,+,72744111,72782921,73524275,73563085,+,1,First Pass,Primary Assembly
Line:307,1,1,chrX,chrX,123902,123903,72783036,72906937,+,72783036,72906937,73563200,73687102,+,1.00001,First Pass,Primary Assembly
Line:308,1,1,chrX,chrX,32103,32103,73040486,73072588,+,73040486,73072588,73820651,73852753,+,1,First Pass,Primary Assembly
Line:309,1,1,chrX,chrX,126085,126085,73164159,73290243,+,73164159,73290243,73944324,74070408,+,1,First Pass,Primary Assembly
Line:310,1,1,chrX,chrX,329620,329620,73183790,73513409,+,73183790,73513409,73963955,74293574,+,1,First Pass,Primary Assembly
Line:311,1,1,chrX,chrX,41920,41920,73420064,73461983,+,73420064,73461983,74200229,74242148,+,1,First Pass,Primary Assembly
Line:312,1,1,chrX,chrX,3685,3685,73429811,73433495,+,73429811,73433495,74209976,74213660,+,1,First Pass,Primary Assembly
Line:313,1,1,chrX,chrX,112668,112668,73641085,73753752,+,73641085,73753752,74421250,74533917,+,1,First Pass,Primary Assembly
Line:314,1,1,chrX,chrX,29401,29401,73805052,73834452,+,73805052,73834452,74585217,74614617,+,1,First Pass,Primary Assembly
Line:315,1,1,chrX,chrX,192599,192599,73952684,74145282,+,73952684,74145282,74732849,74925447,+,1,First Pass,Primary Assembly
Line:316,1,1,chrX,chrX,103453,103453,74273115,74376567,+,74273115,74376567,75053280,75156732,+,1,First Pass,Primary Assembly
Line:317,1,1,chrX,chrX,30516,30516,74493920,74524435,+,74493920,74524435,75274085,75304600,+,1,First Pass,Primary Assembly
Line:318,1,1,chrX,chrX,155076,155076,74588262,74743337,+,74588262,74743337,75368427,75523502,+,1,First Pass,Primary Assembly
Line:319,1,1,chrX,chrX,6209,6209,74960541,74966749,+,74960541,74966749,75740706,75746914,+,1,First Pass,Primary Assembly
Line:320,1,1,chrX,chrX,5269,5269,75392771,75398039,+,75392771,75398039,76172936,76178204,+,1,First Pass,Primary Assembly
Line:321,1,1,chrX,chrX,3699,3699,75648046,75651744,+,75648046,75651744,76427653,76431351,+,1,First Pass,Primary Assembly
Line:322,1,1,chrX,chrX,281347,281339,76760356,77041702,+,76760356,77041702,77504878,77786216,+,0.99997,First Pass,Primary Assembly
Line:323,1,1,chrX,chrX,69230,69230,77081861,77151090,+,77081861,77151090,77826364,77895593,+,1,First Pass,Primary Assembly
Line:324,1,1,chrX,chrX,7936,7936,77154935,77162870,+,77154935,77162870,77899438,77907373,+,1,First Pass,Primary Assembly
Line:325,1,1,chrX,chrX,139699,139699,77166194,77305892,+,77166194,77305892,77910697,78050395,+,1,First Pass,Primary Assembly
Line:326,1,1,chrX,chrX,64109,64109,77320685,77384793,+,77320685,77384793,78065188,78129296,+,1,First Pass,Primary Assembly
Line:327,1,1,chrX,chrX,56088,56088,77526961,77583048,+,77526961,77583048,78271464,78327551,+,1,First Pass,Primary Assembly
Line:328,1,1,chrX,chrX,9386,9386,78003206,78012591,+,78003206,78012591,78747709,78757094,+,1,First Pass,Primary Assembly
Line:329,1,1,chrX,chrX,16623,16623,78200829,78217451,+,78200829,78217451,78945332,78961954,+,1,First Pass,Primary Assembly
Line:330,1,1,chrX,chrX,1258,1258,78426469,78427726,+,78426469,78427726,79170972,79172229,+,1,First Pass,Primary Assembly
Line:331,1,1,chrX,chrX,7284,7284,78615881,78623164,+,78615881,78623164,79360384,79367667,+,1,First Pass,Primary Assembly
Line:332,1,1,chrX,chrX,138835,138835,79926353,80065187,+,79926353,80065187,80670854,80809688,+,1,First Pass,Primary Assembly
Line:333,1,1,chrX,chrX,88242,88242,80369200,80457441,+,80369200,80457441,81113701,81201942,+,1,First Pass,Primary Assembly
Line:334,1,1,chrX,chrX,96605,96605,80457442,80554046,+,80457442,80554046,81201943,81298547,+,1,First Pass,Primary Assembly
Line:335,1,1,chrX,chrX,25552,25552,83116154,83141705,+,83116154,83141705,83861146,83886697,+,1,First Pass,Primary Assembly
Line:336,1,1,chrX,chrX,123950,123950,83318984,83442933,+,83318984,83442933,84063976,84187925,+,1,First Pass,Primary Assembly
Line:337,1,1,chrX,chrX,184606,184606,83572882,83757487,+,83572882,83757487,84317874,84502479,+,1,First Pass,Primary Assembly
Line:338,1,1,chrX,chrX,84238,84238,84258832,84343069,+,84258832,84343069,85003826,85088063,+,1,First Pass,Primary Assembly
Line:339,1,1,chrX,chrX,16762,16762,84347293,84364054,+,84347293,84364054,85092287,85109048,+,1,First Pass,Primary Assembly
Line:340,1,1,chrX,chrX,29372,29372,84498997,84528368,+,84498997,84528368,85243991,85273362,+,1,First Pass,Primary Assembly
Line:341,1,1,chrX,chrX,102347,102348,84532402,84634748,+,84532402,84634748,85277396,85379743,+,1.00001,First Pass,Primary Assembly
Line:342,1,1,chrX,chrX,186382,186383,85116185,85302566,+,85116185,85302566,85861180,86047562,+,1.00001,First Pass,Primary Assembly
Line:343,1,1,chrX,chrX,684146,684147,85403462,86087607,+,85403462,86087607,86148458,86832604,+,1,First Pass,Primary Assembly
Line:344,1,1,chrX,chrX,152299,152302,86772752,86925050,+,86772752,86925050,87517749,87670050,+,1.00002,First Pass,Primary Assembly
Line:345,1,1,chrX,chrX,7561,7561,88002226,88009786,+,88002226,88009786,88747225,88754785,+,1,First Pass,Primary Assembly
Line:346,1,1,chrX,chrX,843970,843970,91034260,91878229,+,91034260,91878229,91779261,92623230,+,1,First Pass,Primary Assembly
Line:347,1,1,chrX,chrX,2639,2639,92925929,92928567,+,92925929,92928567,93670930,93673568,+,1,First Pass,Primary Assembly
Line:348,1,1,chrX,chrX,38262,38262,92929012,92967273,+,92929012,92967273,93674013,93712274,+,1,First Pass,Primary Assembly
Line:349,1,1,chrX,chrX,920335,920335,95939662,96859996,+,95939662,96859996,96684663,97604997,+,1,First Pass,Primary Assembly
Line:350,1,1,chrX,chrX,211304,211304,96686285,96897588,+,96686285,96897588,97431286,97642589,+,1,First Pass,Primary Assembly
Line:351,1,1,chrX,chrX,259557,259557,98716600,98976156,+,98716600,98976156,99461602,99721158,+,1,First Pass,Primary Assembly
Line:352,1,1,chrX,chrX,118630,118630,99546642,99665271,+,99546642,99665271,100291644,100410273,+,1,First Pass,Primary Assembly
Line:353,1,1,chrX,chrX,11322,11322,99883667,99894988,+,99883667,99894988,100628670,100639991,+,1,First Pass,Primary Assembly
Line:354,1,1,chrX,chrX,27082,27082,99899215,99926296,+,99899215,99926296,100644218,100671299,+,1,First Pass,Primary Assembly
Line:355,1,1,chrX,chrX,57623,57633,99929488,99987110,+,99929488,99987110,100674491,100732123,+,1.00017,First Pass,Primary Assembly
Line:356,1,1,chrX,chrX,20538,20538,100075384,100095921,+,100075384,100095921,100820395,100840932,+,1,First Pass,Primary Assembly
Line:357,1,1,chrX,chrX,31022,31022,100098313,100129334,+,100098313,100129334,100843324,100874345,+,1,First Pass,Primary Assembly
Line:358,1,1,chrX,chrX,15992,15992,100168431,100184422,+,100168431,100184422,100913442,100929433,+,1,First Pass,Primary Assembly
Line:359,1,1,chrX,chrX,21122,21122,100224697,100245818,+,100224697,100245818,100969708,100990829,+,1,First Pass,Primary Assembly
Line:360,1,1,chrX,chrX,42771,42771,100264335,100307105,+,100264335,100307105,101009346,101052116,+,1,First Pass,Primary Assembly
Line:361,1,1,chrX,chrX,17645,17645,100333709,100351353,+,100333709,100351353,101078720,101096364,+,1,First Pass,Primary Assembly
Line:362,1,1,chrX,chrX,65493,65493,100353178,100418670,+,100353178,100418670,101098189,101163681,+,1,First Pass,Primary Assembly
Line:363,1,1,chrX,chrX,44729,44729,100474758,100519486,+,100474758,100519486,101219769,101264497,+,1,First Pass,Primary Assembly
Line:364,1,1,chrX,chrX,24819,24819,100523241,100548059,+,100523241,100548059,101268253,101293071,+,1,First Pass,Primary Assembly
Line:365,1,1,chrX,chrX,3536,3536,100600649,100604184,+,100600649,100604184,101345661,101349196,+,1,First Pass,Primary Assembly
Line:366,1,1,chrX,chrX,36749,36749,100604435,100641183,+,100604435,100641183,101349447,101386195,+,1,First Pass,Primary Assembly
Line:367,1,1,chrX,chrX,5294,5294,100645812,100651105,+,100645812,100651105,101390824,101396117,+,1,First Pass,Primary Assembly
Line:368,1,1,chrX,chrX,21287,21287,100645999,100667285,+,100645999,100667285,101391011,101412297,+,1,First Pass,Primary Assembly
Line:369,1,1,chrX,chrX,10123,10123,100652791,100662913,+,100652791,100662913,101397803,101407925,+,1,First Pass,Primary Assembly
Line:370,1,1,chrX,chrX,5839,5839,100663283,100669121,+,100663283,100669121,101408295,101414133,+,1,First Pass,Primary Assembly
Line:371,1,1,chrX,chrX,115172,115173,100673275,100788446,+,100673275,100788446,101418287,101533459,+,1.00001,First Pass,Primary Assembly
Line:372,1,1,chrX,chrX,4170,4170,100805514,100809683,+,100805514,100809683,101550531,101554700,+,1,First Pass,Primary Assembly
Line:373,1,1,chrX,chrX,2882,2882,100870110,100872991,+,100870110,100872991,101615120,101618001,+,1,First Pass,Primary Assembly
Line:374,1,1,chrX,chrX,5047,5047,100877787,100882833,+,100877787,100882833,101622797,101627843,+,1,First Pass,Primary Assembly
Line:375,1,1,chrX,chrX,651,651,100882858,100883508,+,100882858,100883508,101627868,101628518,+,1,First Pass,Primary Assembly
Line:376,1,1,chrX,chrX,4610,4611,100910267,100914876,+,100910267,100914876,101655281,101659891,+,1.00022,First Pass,Primary Assembly
Line:377,1,1,chrX,chrX,25465,25466,101087085,101112549,+,101087085,101112549,101832112,101857577,+,1.00004,First Pass,Primary Assembly
Line:378,1,1,chrX,chrX,49743,49742,101137262,101187004,+,101137262,101187004,101882290,101932031,+,0.99998,First Pass,Primary Assembly
Line:379,1,1,chrX,chrX,2024,2024,101380660,101382683,+,101380660,101382683,102125688,102127711,+,1,First Pass,Primary Assembly
Line:380,1,1,chrX,chrX,3109,3109,101768604,101771712,+,101768604,101771712,102513676,102516784,+,1,First Pass,Primary Assembly
Line:381,1,1,chrX,chrX,7718,7718,101906294,101914011,+,101906294,101914011,102651366,102659083,+,1,First Pass,Primary Assembly
Line:382,1,1,chrX,chrX,6504,6504,101967104,101973607,+,101967104,101973607,102712176,102718679,+,1,First Pass,Primary Assembly
Line:383,1,1,chrX,chrX,32853,32853,101975616,102008468,+,101975616,102008468,102720688,102753540,+,1,First Pass,Primary Assembly
Line:384,1,1,chrX,chrX,2792,2792,102192698,102195489,+,102192698,102195489,102937770,102940561,+,1,First Pass,Primary Assembly
Line:385,1,1,chrX,chrX,17420,17420,102330738,102348157,+,102330738,102348157,103075810,103093229,+,1,First Pass,Primary Assembly
Line:386,1,1,chrX,chrX,2155,2155,102470020,102472174,+,102470020,102472174,103215092,103217246,+,1,First Pass,Primary Assembly
Line:387,1,1,chrX,chrX,1701,1701,102564274,102565974,+,102564274,102565974,103309346,103311046,+,1,First Pass,Primary Assembly
Line:388,1,1,chrX,chrX,2131,2131,102585124,102587254,+,102585124,102587254,103330196,103332326,+,1,First Pass,Primary Assembly
Line:389,1,1,chrX,chrX,2025,2025,102611373,102613397,+,102611373,102613397,103356445,103358469,+,1,First Pass,Primary Assembly
Line:390,1,1,chrX,chrX,1738,1738,102631268,102633005,+,102631268,102633005,103376340,103378077,+,1,First Pass,Primary Assembly
Line:391,1,1,chrX,chrX,19740,19740,102754678,102774417,+,102754678,102774417,103499750,103519489,+,1,First Pass,Primary Assembly
Line:392,1,1,chrX,chrX,11499,11499,102831159,102842657,+,102831159,102842657,103576231,103587729,+,1,First Pass,Primary Assembly
Line:393,1,1,chrX,chrX,2250,2250,102883632,102885881,+,102883632,102885881,103628704,103630953,+,1,First Pass,Primary Assembly
Line:394,1,1,chrX,chrX,12663,12663,102930424,102943086,+,102930424,102943086,103675496,103688158,+,1,First Pass,Primary Assembly
Line:395,1,1,chrX,chrX,4489,4489,102942212,102946700,+,102942212,102946700,103687284,103691772,+,1,First Pass,Primary Assembly
Line:396,1,1,chrX,chrX,21432,21432,102962152,102983583,+,102962152,102983583,103707224,103728655,+,1,First Pass,Primary Assembly
Line:397,1,1,chrX,chrX,18902,18902,103028647,103047548,+,103028647,103047548,103773718,103792619,+,1,First Pass,Primary Assembly
Line:398,1,1,chrX,chrX,9907,9907,103077252,103087158,+,103077252,103087158,103822322,103832228,+,1,First Pass,Primary Assembly
Line:399,1,1,chrX,chrX,56092,56094,103173479,103229570,+,103173479,103229570,103918896,103974989,+,1.00004,First Pass,Primary Assembly
Line:400,1,1,chrX,chrX,57811,57814,103343898,103401708,+,103343898,103401708,104099214,104157027,+,1.00005,First Pass,Primary Assembly
Line:401,1,1,chrX,chrX,3712,3712,103356822,103360533,+,103356822,103360533,104112131,104115842,+,1,First Pass,Primary Assembly
Line:402,1,1,chrX,chrX,29283,29283,103411301,103440583,+,103411301,103440583,104166620,104195902,+,1,First Pass,Primary Assembly
Line:403,1,1,chrX,chrX,1200827,1201515,103810996,105011822,+,103810996,105011822,104566315,105767829,+,1.00057,First Pass,Primary Assembly
Line:404,1,1,chrX,chrX,136067,136068,105066536,105202602,+,105066536,105202602,105822543,105958610,+,1.00001,First Pass,Primary Assembly
Line:405,1,1,chrX,chrX,40652,40652,105412298,105452949,+,105412298,105452949,106168305,106208956,+,1,First Pass,Primary Assembly
Line:406,1,1,chrX,chrX,67513,67513,105855160,105922672,+,105855160,105922672,106611930,106679442,+,1,First Pass,Primary Assembly
Line:407,1,1,chrX,chrX,73466,73466,106045910,106119375,+,106045910,106119375,106802680,106876145,+,1,First Pass,Primary Assembly
Line:408,1,1,chrX,chrX,186374,186374,106057101,106243474,+,106057101,106243474,106813871,107000244,+,1,First Pass,Primary Assembly
Line:409,1,1,chrX,chrX,3273,3273,106143293,106146565,+,106143293,106146565,106900063,106903335,+,1,First Pass,Primary Assembly
Line:410,1,1,chrX,chrX,30698,30698,106143394,106174091,+,106143394,106174091,106900164,106930861,+,1,First Pass,Primary Assembly
Line:411,1,1,chrX,chrX,54408,54408,106307650,106362057,+,106307650,106362057,107064420,107118827,+,1,First Pass,Primary Assembly
Line:412,1,1,chrX,chrX,83014,83014,106366657,106449670,+,106366657,106449670,107123427,107206440,+,1,First Pass,Primary Assembly
Line:413,1,1,chrX,chrX,37612,37612,106449862,106487473,+,106449862,106487473,107206632,107244243,+,1,First Pass,Primary Assembly
Line:414,1,1,chrX,chrX,82802,82802,106765680,106848481,+,106765680,106848481,107522450,107605251,+,1,First Pass,Primary Assembly
Line:415,1,1,chrX,chrX,22520,22520,106871737,106894256,+,106871737,106894256,107628507,107651026,+,1,First Pass,Primary Assembly
Line:416,1,1,chrX,chrX,64122,64122,106956451,107020572,+,106956451,107020572,107713221,107777342,+,1,First Pass,Primary Assembly
Line:417,1,1,chrX,chrX,101439,101439,107068985,107170423,+,107068985,107170423,107825755,107927193,+,1,First Pass,Primary Assembly
Line:418,1,1,chrX,chrX,41384,41384,107137827,107179210,+,107137827,107179210,107894597,107935980,+,1,First Pass,Primary Assembly
Line:419,1,1,chrX,chrX,7412,7412,107327437,107334848,+,107327437,107334848,108084207,108091618,+,1,First Pass,Primary Assembly
Line:420,1,1,chrX,chrX,63004,63004,107334898,107397901,+,107334898,107397901,108091668,108154671,+,1,First Pass,Primary Assembly
Line:421,1,1,chrX,chrX,295948,295948,107386780,107682727,+,107386780,107682727,108143550,108439497,+,1,First Pass,Primary Assembly
Line:422,1,1,chrX,chrX,257702,257702,107683074,107940775,+,107683074,107940775,108439844,108697545,+,1,First Pass,Primary Assembly
Line:423,1,1,chrX,chrX,109167,109167,108616135,108725301,+,108616135,108725301,109372906,109482072,+,1,First Pass,Primary Assembly
Line:424,1,1,chrX,chrX,8910,8910,108779010,108787919,+,108779010,108787919,109535781,109544690,+,1,First Pass,Primary Assembly
Line:425,1,1,chrX,chrX,1465,1465,108866929,108868393,+,108866929,108868393,109623700,109625164,+,1,First Pass,Primary Assembly
Line:426,1,1,chrX,chrX,109160,109160,108867473,108976632,+,108867473,108976632,109624244,109733403,+,1,First Pass,Primary Assembly
Line:427,1,1,chrX,chrX,180104,180104,109245859,109425962,+,109245859,109425962,110002631,110182734,+,1,First Pass,Primary Assembly
Line:428,1,1,chrX,chrX,246048,246048,109437414,109683461,+,109437414,109683461,110194186,110440233,+,1,First Pass,Primary Assembly
Line:429,1,1,chrX,chrX,97519,97519,109602044,109699562,+,109602044,109699562,110358816,110456334,+,1,First Pass,Primary Assembly
Line:430,1,1,chrX,chrX,122203,122203,109917084,110039286,+,109917084,110039286,110673856,110796058,+,1,First Pass,Primary Assembly
Line:431,1,1,chrX,chrX,283077,283077,110187513,110470589,+,110187513,110470589,110944285,111227361,+,1,First Pass,Primary Assembly
Line:432,1,1,chrX,chrX,25421,25421,110488331,110513751,+,110488331,110513751,111245103,111270523,+,1,First Pass,Primary Assembly
Line:433,1,1,chrX,chrX,118597,118597,110537007,110655603,+,110537007,110655603,111293779,111412375,+,1,First Pass,Primary Assembly
Line:434,1,1,chrX,chrX,94835,94835,110909043,111003877,+,110909043,111003877,111665815,111760649,+,1,First Pass,Primary Assembly
Line:435,1,1,chrX,chrX,308462,308462,111017543,111326004,+,111017543,111326004,111774315,112082776,+,1,First Pass,Primary Assembly
Line:436,1,1,chrX,chrX,2747,2747,111697727,111700473,+,111697727,111700473,112454499,112457245,+,1,First Pass,Primary Assembly
Line:437,1,1,chrX,chrX,49500,49500,111873876,111923375,+,111873876,111923375,112630648,112680147,+,1,First Pass,Primary Assembly
Line:438,1,1,chrX,chrX,66313,66313,112017731,112084043,+,112017731,112084043,112774503,112840815,+,1,First Pass,Primary Assembly
Line:439,1,1,chrX,chrX,326074,325984,113818551,114144624,+,113818551,114144624,114584078,114910061,+,0.99972,First Pass,Primary Assembly
Line:440,1,1,chrX,chrX,123451,123451,114345185,114468635,+,114345185,114468635,115110622,115234072,+,1,First Pass,Primary Assembly
Line:441,1,1,chrX,chrX,89681,89688,114795501,114885181,+,114795501,114885181,115561174,115650861,+,1.00008,First Pass,Primary Assembly
Line:442,1,1,chrX,chrX,4251,4251,115301975,115306225,+,115301975,115306225,116170722,116174972,+,1,First Pass,Primary Assembly
Line:443,1,1,chrX,chrX,24836,24837,115567790,115592625,+,115567790,115592625,116436622,116461458,+,1.00004,First Pass,Primary Assembly
Line:444,1,1,chrX,chrX,219528,219528,117031776,117251303,+,117031776,117251303,117897813,118117340,+,1,First Pass,Primary Assembly
Line:445,1,1,chrX,chrX,103889,103889,117480036,117583924,+,117480036,117583924,118346073,118449961,+,1,First Pass,Primary Assembly
Line:446,1,1,chrX,chrX,190266,190266,117629861,117820126,+,117629861,117820126,118495898,118686163,+,1,First Pass,Primary Assembly
Line:447,1,1,chrX,chrX,66968,66968,117861535,117928502,+,117861535,117928502,118727572,118794539,+,1,First Pass,Primary Assembly
Line:448,1,1,chrX,chrX,43738,43738,118108581,118152318,+,118108581,118152318,118974618,119018355,+,1,First Pass,Primary Assembly
Line:449,1,1,chrX,chrX,71945,71945,118212598,118284542,+,118212598,118284542,119078635,119150579,+,1,First Pass,Primary Assembly
Line:450,1,1,chrX,chrX,8214,8214,118370216,118378429,+,118370216,118378429,119236253,119244466,+,1,First Pass,Primary Assembly
Line:451,1,1,chrX,chrX,55419,55419,118533023,118588441,+,118533023,118588441,119399060,119454478,+,1,First Pass,Primary Assembly
Line:452,1,1,chrX,chrX,3065,3065,118599997,118603061,+,118599997,118603061,119466034,119469098,+,1,First Pass,Primary Assembly
Line:453,1,1,chrX,chrX,2920,2920,118602363,118605282,+,118602363,118605282,119468400,119471319,+,1,First Pass,Primary Assembly
Line:454,1,1,chrX,chrX,27286,27286,118672112,118699397,+,118672112,118699397,119538149,119565434,+,1,First Pass,Primary Assembly
Line:455,1,1,chrX,chrX,9881,9881,118708501,118718381,+,118708501,118718381,119574538,119584418,+,1,First Pass,Primary Assembly
Line:456,1,1,chrX,chrX,17559,17559,118722300,118739858,+,118722300,118739858,119588337,119605895,+,1,First Pass,Primary Assembly
Line:457,1,1,chrX,chrX,77647,77647,118749687,118827333,+,118749687,118827333,119615724,119693370,+,1,First Pass,Primary Assembly
Line:458,1,1,chrX,chrX,5140,5140,118920467,118925606,+,118920467,118925606,119786504,119791643,+,1,First Pass,Primary Assembly
Line:459,1,1,chrX,chrX,18977,18977,118967985,118986961,+,118967985,118986961,119834022,119852998,+,1,First Pass,Primary Assembly
Line:460,1,1,chrX,chrX,1295,1295,119004497,119005791,+,119004497,119005791,119870534,119871828,+,1,First Pass,Primary Assembly
Line:461,1,1,chrX,chrX,5176,5176,119005450,119010625,+,119005450,119010625,119871487,119876662,+,1,First Pass,Primary Assembly
Line:462,1,1,chrX,chrX,24880,24880,119029800,119054679,+,119029800,119054679,119895837,119920716,+,1,First Pass,Primary Assembly
Line:463,1,1,chrX,chrX,18722,18722,119059014,119077735,+,119059014,119077735,119925051,119943772,+,1,First Pass,Primary Assembly
Line:464,1,1,chrX,chrX,124260,124315,119254863,119379122,+,119254863,119379122,120120953,120245267,+,1.00044,First Pass,Primary Assembly
Line:465,1,1,chrX,chrX,5479,5479,119292467,119297945,+,119292467,119297945,120158561,120164039,+,1,First Pass,Primary Assembly
Line:466,1,1,chrX,chrX,7647,7647,119384607,119392253,+,119384607,119392253,120250752,120258398,+,1,First Pass,Primary Assembly
Line:467,1,1,chrX,chrX,52907,52907,119392505,119445411,+,119392505,119445411,120258650,120311556,+,1,First Pass,Primary Assembly
Line:468,1,1,chrX,chrX,20260,20260,119495967,119516226,+,119495967,119516226,120362112,120382371,+,1,First Pass,Primary Assembly
Line:469,1,1,chrX,chrX,41539,41539,119561682,119603220,+,119561682,119603220,120427827,120469365,+,1,First Pass,Primary Assembly
Line:470,1,1,chrX,chrX,51186,51186,119658464,119709649,+,119658464,119709649,120524609,120575794,+,1,First Pass,Primary Assembly
Line:471,1,1,chrX,chrX,27065,27065,119727865,119754929,+,119727865,119754929,120594010,120621074,+,1,First Pass,Primary Assembly
Line:472,1,1,chrX,chrX,4358,4358,119759648,119764005,+,119759648,119764005,120625793,120630150,+,1,First Pass,Primary Assembly
Line:473,1,1,chrX,chrX,2333,2333,120181462,120183794,+,120181462,120183794,121047608,121049940,+,1,First Pass,Primary Assembly
Line:474,1,1,chrX,chrX,306761,306763,122318006,122624766,+,122318006,122624766,123184153,123490915,+,1.00001,First Pass,Primary Assembly
Line:475,1,1,chrX,chrX,132495,132496,122734412,122866906,+,122734412,122866906,123600561,123733056,+,1.00001,First Pass,Primary Assembly
Line:476,1,1,chrX,chrX,54256,54256,122993574,123047829,+,122993574,123047829,123859724,123913979,+,1,First Pass,Primary Assembly
Line:477,1,1,chrX,chrX,462453,462453,123094062,123556514,+,123094062,123556514,123960212,124422664,+,1,First Pass,Primary Assembly
Line:478,1,1,chrX,chrX,26812,26812,123480194,123507005,+,123480194,123507005,124346344,124373155,+,1,First Pass,Primary Assembly
Line:479,1,1,chrX,chrX,587914,587915,123509753,124097666,+,123509753,124097666,124375903,124963817,+,1,First Pass,Primary Assembly
Line:480,1,1,chrX,chrX,2023,2023,125953747,125955769,+,125953747,125955769,126819764,126821786,+,1,First Pass,Primary Assembly
Line:481,1,1,chrX,chrX,76998,76998,128580480,128657477,+,128580480,128657477,129446503,129523500,+,1,First Pass,Primary Assembly
Line:482,1,1,chrX,chrX,52713,52713,128673826,128726538,+,128673826,128726538,129539849,129592561,+,1,First Pass,Primary Assembly
Line:483,1,1,chrX,chrX,9694,9694,128779240,128788933,+,128779240,128788933,129645263,129654956,+,1,First Pass,Primary Assembly
Line:484,1,1,chrX,chrX,30565,30565,128872950,128903514,+,128872950,128903514,129738974,129769538,+,1,First Pass,Primary Assembly
Line:485,1,1,chrX,chrX,15223,15223,128913955,128929177,+,128913955,128929177,129779979,129795201,+,1,First Pass,Primary Assembly
Line:486,1,1,chrX,chrX,40622,40622,128937264,128977885,+,128937264,128977885,129803288,129843909,+,1,First Pass,Primary Assembly
Line:487,1,1,chrX,chrX,23641,23641,129040097,129063737,+,129040097,129063737,129906121,129929761,+,1,First Pass,Primary Assembly
Line:488,1,1,chrX,chrX,76976,76977,129115083,129192058,+,129115083,129192058,129981107,130058083,+,1.00001,First Pass,Primary Assembly
Line:489,1,1,chrX,chrX,45843,45843,129198849,129244691,+,129198849,129244691,130064874,130110716,+,1,First Pass,Primary Assembly
Line:490,1,1,chrX,chrX,36525,36526,129263337,129299861,+,129263337,129299861,130129362,130165887,+,1.00003,First Pass,Primary Assembly
Line:491,1,1,chrX,chrX,13222,13222,129305623,129318844,+,129305623,129318844,130171649,130184870,+,1,First Pass,Primary Assembly
Line:492,1,1,chrX,chrX,66189,66189,129336685,129402873,+,129336685,129402873,130202711,130268899,+,1,First Pass,Primary Assembly
Line:493,1,1,chrX,chrX,33462,33462,129473874,129507335,+,129473874,129507335,130339900,130373361,+,1,First Pass,Primary Assembly
Line:494,1,1,chrX,chrX,11375,11375,129535943,129547317,+,129535943,129547317,130401969,130413343,+,1,First Pass,Primary Assembly
Line:495,1,1,chrX,chrX,279859,279859,129757350,130037208,+,129757350,130037208,130623376,130903234,+,1,First Pass,Primary Assembly
Line:496,1,1,chrX,chrX,31642,31642,130192216,130223857,+,130192216,130223857,131058242,131089883,+,1,First Pass,Primary Assembly
Line:497,1,1,chrX,chrX,126198,126198,130407480,130533677,+,130407480,130533677,131273506,131399703,+,1,First Pass,Primary Assembly
Line:498,1,1,chrX,chrX,127994,127994,130836678,130964671,+,130836678,130964671,131702650,131830643,+,1,First Pass,Primary Assembly
Line:499,1,1,chrX,chrX,52679,52679,131157293,131209971,+,131157293,131209971,132023265,132075943,+,1,First Pass,Primary Assembly
Line:500,1,1,chrX,chrX,51028,51028,131211021,131262048,+,131211021,131262048,132076993,132128020,+,1,First Pass,Primary Assembly
Line:501,1,1,chrX,chrX,16419,16419,131337053,131353471,+,131337053,131353471,132203025,132219443,+,1,First Pass,Primary Assembly
Line:502,1,1,chrX,chrX,215716,215716,131351175,131566890,+,131351175,131566890,132217147,132432862,+,1,First Pass,Primary Assembly
Line:503,1,1,chrX,chrX,120652,120652,131503345,131623996,+,131503345,131623996,132369317,132489968,+,1,First Pass,Primary Assembly
Line:504,1,1,chrX,chrX,335380,335380,131760044,132095423,+,131760044,132095423,132626016,132961395,+,1,First Pass,Primary Assembly
Line:505,1,1,chrX,chrX,115388,115388,132434131,132549518,+,132434131,132549518,133300103,133415490,+,1,First Pass,Primary Assembly
Line:506,1,1,chrX,chrX,450150,450151,132669773,133119922,+,132669773,133119922,133535745,133985895,+,1,First Pass,Primary Assembly
Line:507,1,1,chrX,chrX,55538,55538,133507283,133562820,+,133507283,133562820,134373253,134428790,+,1,First Pass,Primary Assembly
Line:508,1,1,chrX,chrX,60361,60361,133594183,133654543,+,133594183,133654543,134460153,134520513,+,1,First Pass,Primary Assembly
Line:509,1,1,chrX,chrX,3375,3375,133677367,133680741,+,133677367,133680741,134543337,134546711,+,1,First Pass,Primary Assembly
Line:510,1,1,chrX,chrX,198485,198485,133699868,133898352,+,133699868,133898352,134565838,134764322,+,1,First Pass,Primary Assembly
Line:511,1,1,chrX,chrX,27667,27667,133903596,133931262,+,133903596,133931262,134769566,134797232,+,1,First Pass,Primary Assembly
Line:512,1,1,chrX,chrX,57822,57822,133930819,133988640,+,133930819,133988640,134796789,134854610,+,1,First Pass,Primary Assembly
Line:513,1,1,chrX,chrX,27642,27642,134021656,134049297,+,134021656,134049297,134887626,134915267,+,1,First Pass,Primary Assembly
Line:514,1,1,chrX,chrX,1534,1534,134124968,134126501,+,134124968,134126501,134990938,134992471,+,1,First Pass,Primary Assembly
Line:515,1,1,chrX,chrX,1244,1244,134166333,134167576,+,134166333,134167576,135032303,135033546,+,1,First Pass,Primary Assembly
Line:516,1,1,chrX,chrX,1265,1265,134184962,134186226,+,134184962,134186226,135050932,135052196,+,1,First Pass,Primary Assembly
Line:517,1,1,chrX,chrX,95146,95168,134382867,134478012,+,134382867,134478012,135248920,135344087,+,1.00023,First Pass,Primary Assembly
Line:518,1,1,chrX,chrX,18357,18357,134478721,134497077,+,134478721,134497077,135344796,135363152,+,1,First Pass,Primary Assembly
Line:519,1,1,chrX,chrX,61852,61852,134654584,134716435,+,134654584,134716435,135520659,135582510,+,1,First Pass,Primary Assembly
Line:520,1,1,chrX,chrX,11994,11994,135044229,135056222,+,135044229,135056222,135962070,135974063,+,1,First Pass,Primary Assembly
Line:521,1,1,chrX,chrX,61826,61826,135067598,135129423,+,135067598,135129423,135985439,136047264,+,1,First Pass,Primary Assembly
Line:522,1,1,chrX,chrX,63960,63960,135229559,135293518,+,135229559,135293518,136147400,136211359,+,1,First Pass,Primary Assembly
Line:523,1,1,chrX,chrX,43261,43261,135295381,135338641,+,135295381,135338641,136213222,136256482,+,1,First Pass,Primary Assembly
Line:524,1,1,chrX,chrX,136094,136094,135383122,135519215,+,135383122,135519215,136300963,136437056,+,1,First Pass,Primary Assembly
Line:525,1,1,chrX,chrX,5894,5894,135570046,135575939,+,135570046,135575939,136487887,136493780,+,1,First Pass,Primary Assembly
Line:526,1,1,chrX,chrX,15268,15268,135579238,135594505,+,135579238,135594505,136497079,136512346,+,1,First Pass,Primary Assembly
Line:527,1,1,chrX,chrX,24656,24656,135614311,135638966,+,135614311,135638966,136532152,136556807,+,1,First Pass,Primary Assembly
Line:528,1,1,chrX,chrX,12198,12198,135730352,135742549,+,135730352,135742549,136648193,136660390,+,1,First Pass,Primary Assembly
Line:529,1,1,chrX,chrX,116542,116542,135747706,135864247,+,135747706,135864247,136665547,136782088,+,1,First Pass,Primary Assembly
Line:530,1,1,chrX,chrX,651,651,135929543,135930193,+,135929543,135930193,136847384,136848034,+,1,First Pass,Primary Assembly
Line:531,1,1,chrX,chrX,32761,32761,135930163,135962923,+,135930163,135962923,136848004,136880764,+,1,First Pass,Primary Assembly
Line:532,1,1,chrX,chrX,591205,591204,137713735,138304939,+,137713735,138304939,138631574,139222777,+,1,First Pass,Primary Assembly
Line:533,1,1,chrX,chrX,32701,32701,138612917,138645617,+,138612917,138645617,139530758,139563458,+,1,First Pass,Primary Assembly
Line:534,1,1,chrX,chrX,126458,126458,138663929,138790386,+,138663929,138790386,139581770,139708227,+,1,First Pass,Primary Assembly
Line:535,1,1,chrX,chrX,218931,218931,138808505,139027435,+,138808505,139027435,139726346,139945276,+,1,First Pass,Primary Assembly
Line:536,1,1,chrX,chrX,9796,9796,139037884,139047679,+,139037884,139047679,139955725,139965520,+,1,First Pass,Primary Assembly
Line:537,1,1,chrX,chrX,819,819,139173902,139174720,+,139173902,139174720,140091743,140092561,+,1,First Pass,Primary Assembly
Line:538,1,1,chrX,chrX,1299,1299,139865425,139866723,+,139865425,139866723,140783260,140784558,+,1,First Pass,Primary Assembly
Line:539,1,1,chrX,chrX,1377,1377,140269934,140271310,+,140269934,140271310,141175749,141177125,+,1,First Pass,Primary Assembly
Line:540,1,1,chrX,chrX,59517,59517,140926102,140985618,+,140926102,140985618,141838316,141897832,+,1,First Pass,Primary Assembly
Line:541,1,1,chrX,chrX,8011,8011,144899350,144907360,+,144899350,144907360,145817832,145825842,+,1,First Pass,Primary Assembly
Line:542,1,1,chrX,chrX,2387,2387,146990949,146993335,+,146990949,146993335,147909431,147911817,+,1,First Pass,Primary Assembly
Line:543,1,1,chrX,chrX,39177,39175,146993469,147032645,+,146993469,147032645,147911951,147951125,+,0.99995,First Pass,Primary Assembly
Line:544,1,1,chrX,chrX,45339,45339,147062849,147108187,+,147062849,147108187,147981329,148026667,+,1,First Pass,Primary Assembly
Line:545,1,1,chrX,chrX,500055,500045,147582139,148082193,+,147582139,148082193,148500619,149000663,+,0.99998,First Pass,Primary Assembly
Line:546,1,1,chrX,chrX,56950,56946,148558521,148615470,+,148558521,148615470,149476990,149533935,+,0.99993,First Pass,Primary Assembly
Line:547,1,1,chrX,chrX,13375,13369,148609130,148622504,+,148609130,148622504,149527591,149540959,+,0.99955,First Pass,Primary Assembly
Line:548,1,1,chrX,chrX,10156,10156,148621900,148632055,+,148621900,148632055,149540355,149550510,+,1,First Pass,Primary Assembly
Line:549,1,1,chrX,chrX,1626,1626,148629755,148631380,+,148629755,148631380,149548210,149549835,+,1,First Pass,Primary Assembly
Line:550,1,1,chrX,chrX,35353,35357,148678216,148713568,+,148678216,148713568,149596556,149631912,+,1.00011,First Pass,Primary Assembly
Line:551,1,1,chrX,chrX,29033,29039,148769894,148798926,+,148769894,148798926,149688228,149717266,+,1.00021,First Pass,Primary Assembly
Line:552,1,1,chrX,chrX,4669,4695,149009941,149014609,+,149009941,149014609,149881141,149885835,+,1.00557,First Pass,Primary Assembly
Line:553,1,1,chrX,chrX,9285,9285,149097745,149107029,+,149097745,149107029,149929527,149938811,+,1,First Pass,Primary Assembly
Line:554,1,1,chrX,chrX,285970,285953,149106846,149392815,+,149106846,149392815,149938628,150224580,+,0.99994,First Pass,Primary Assembly
Line:555,1,1,chrX,chrX,152760,152757,149529689,149682448,+,149529689,149682448,150361422,150514178,+,0.99998,First Pass,Primary Assembly
Line:556,1,1,chrX,chrX,104727,104704,149737069,149841795,+,149737069,149841795,150568619,150673322,+,0.99978,First Pass,Primary Assembly
Line:557,1,1,chrX,chrX,72142,72142,149861435,149933576,+,149861435,149933576,150692962,150765103,+,1,First Pass,Primary Assembly
Line:558,1,1,chrX,chrX,132480,132480,149934810,150067289,+,149934810,150067289,150766337,150898816,+,1,First Pass,Primary Assembly
Line:559,1,1,chrX,chrX,10267,10267,150148982,150159248,+,150148982,150159248,150980509,150990775,+,1,First Pass,Primary Assembly
Line:560,1,1,chrX,chrX,12850,12850,150564987,150577836,+,150564987,150577836,151396515,151409364,+,1,First Pass,Primary Assembly
Line:561,1,1,chrX,chrX,113118,113118,150732094,150845211,+,150732094,150845211,151563622,151676739,+,1,First Pass,Primary Assembly
Line:562,1,1,chrX,chrX,6854,6854,150906923,150913776,+,150906923,150913776,151738451,151745304,+,1,First Pass,Primary Assembly
Line:563,1,1,chrX,chrX,12662,12662,151080981,151093642,+,151080981,151093642,151912509,151925170,+,1,First Pass,Primary Assembly
Line:564,1,1,chrX,chrX,21557,21557,151121596,151143152,+,151121596,151143152,151953124,151974680,+,1,First Pass,Primary Assembly
Line:565,1,1,chrX,chrX,285125,285125,151334706,151619830,+,151334706,151619830,152166234,152451358,+,1,First Pass,Primary Assembly
Line:566,1,1,chrX,chrX,3892,3891,151899293,151903184,+,151899293,151903184,152733779,152737669,-,0.99974,First Pass,Primary Assembly
Line:567,1,1,chrX,chrX,6291,3982,151903228,151909518,+,151903228,151907248,152729754,152733735,-,0.63297,First Pass,Primary Assembly
Line:568,1,1,chrX,chrX,3805,3805,151995517,151999321,+,151995517,151999321,152826973,152830777,+,1,First Pass,Primary Assembly
Line:569,1,1,chrX,chrX,38763,38763,151999511,152038273,+,151999511,152038273,152830967,152869729,+,1,First Pass,Primary Assembly
Line:570,1,1,chrX,chrX,59039,59039,152082986,152142024,+,152082986,152142024,152914442,152973480,+,1,First Pass,Primary Assembly
Line:571,1,1,chrX,chrX,5304,5304,152157368,152162671,+,152157368,152162671,152988824,152994127,+,1,First Pass,Primary Assembly
Line:572,1,1,chrX,chrX,4062,4059,152224766,152228827,+,152224766,152228827,153056409,153060467,+,0.99926,First Pass,Primary Assembly
Line:573,1,NULL,chrX,NULL,100026,NULL,152240839,152340864,+,NOMAP,LOWCOV,,,,,,
Line:574,1,1,chrX,chrX,25956,25956,152599613,152625568,+,152599613,152625568,153334155,153360110,+,1,First Pass,Primary Assembly
Line:575,1,1,chrX,chrX,25868,25868,152710178,152736045,+,152710178,152736045,153444720,153470587,+,1,First Pass,Primary Assembly
Line:576,1,1,chrX,chrX,47855,47855,152713124,152760978,+,152713124,152760978,153447666,153495520,+,1,First Pass,Primary Assembly
Line:577,1,1,chrX,chrX,14616,14616,152760397,152775012,+,152760397,152775012,153494939,153509554,+,1,First Pass,Primary Assembly
Line:578,1,1,chrX,chrX,65264,65264,152783134,152848397,+,152783134,152848397,153517676,153582939,+,1,First Pass,Primary Assembly
Line:579,1,1,chrX,chrX,12124,12127,152853377,152865500,+,152853377,152865500,153587919,153600045,+,1.00025,First Pass,Primary Assembly
Line:580,1,1,chrX,chrX,5014,5014,152864795,152869808,+,152864795,152869808,153599340,153604353,+,1,First Pass,Primary Assembly
Line:581,1,1,chrX,chrX,8836,8835,152907946,152916781,+,152907946,152916781,153642492,153651326,+,0.99989,First Pass,Primary Assembly
Line:582,1,1,chrX,chrX,19281,19281,152935185,152954465,+,152935185,152954465,153669730,153689010,+,1,First Pass,Primary Assembly
Line:583,1,1,chrX,chrX,24206,24206,152965947,152990152,+,152965947,152990152,153700492,153724697,+,1,First Pass,Primary Assembly
Line:584,1,1,chrX,chrX,19894,19895,152990323,153010216,+,152990323,153010216,153724868,153744762,+,1.00005,First Pass,Primary Assembly
Line:585,1,1,chrX,chrX,15151,15151,153029651,153044801,+,153029651,153044801,153764196,153779346,+,1,First Pass,Primary Assembly
Line:586,1,1,chrX,chrX,9321,9321,153041867,153051187,+,153041867,153051187,153776412,153785732,+,1,First Pass,Primary Assembly
Line:587,1,1,chrX,chrX,8758,8758,153051221,153059978,+,153051221,153059978,153785766,153794523,+,1,First Pass,Primary Assembly
Line:588,1,1,chrX,chrX,4990,4990,153058971,153063960,+,153058971,153063960,153793516,153798505,+,1,First Pass,Primary Assembly
Line:589,1,1,chrX,chrX,28400,28400,153067621,153096020,+,153067621,153096020,153802166,153830565,+,1,First Pass,Primary Assembly
Line:590,1,1,chrX,chrX,47709,47710,153126969,153174677,+,153126969,153174677,153861514,153909223,+,1.00002,First Pass,Primary Assembly
Line:591,1,1,chrX,chrX,8318,8319,153146127,153154444,+,153146127,153154444,153880672,153888990,+,1.00012,First Pass,Primary Assembly
Line:592,1,1,chrX,chrX,4636,4636,153167985,153172620,+,153167985,153172620,153902531,153907166,+,1,First Pass,Primary Assembly
Line:593,1,1,chrX,chrX,27632,27633,153172821,153200452,+,153172821,153200452,153907367,153934999,+,1.00004,First Pass,Primary Assembly
Line:594,1,1,chrX,chrX,5982,5982,153194695,153200676,+,153194695,153200676,153929242,153935223,+,1,First Pass,Primary Assembly
Line:595,1,1,chrX,chrX,9517,9518,153200716,153210232,+,153200716,153210232,153935263,153944780,+,1.00011,First Pass,Primary Assembly
Line:596,1,1,chrX,chrX,24255,24255,153213004,153237258,+,153213004,153237258,153947553,153971807,+,1,First Pass,Primary Assembly
Line:597,1,1,chrX,chrX,10869,10869,153237778,153248646,+,153237778,153248646,153972327,153983195,+,1,First Pass,Primary Assembly
Line:598,1,1,chrX,chrX,9481,9481,153275951,153285431,+,153275951,153285431,154010500,154019980,+,1,First Pass,Primary Assembly
Line:599,1,1,chrX,chrX,76189,76183,153287024,153363212,+,153287024,153363212,154021573,154097755,+,0.99992,First Pass,Primary Assembly
Line:600,1,1,chrX,chrX,34677,34680,153524024,153558700,+,153524024,153558700,154295671,154330350,+,1.00009,First Pass,Primary Assembly
Line:601,1,1,chrX,chrX,26115,26115,153576892,153603006,+,153576892,153603006,154348524,154374638,+,1,First Pass,Primary Assembly
Line:602,1,1,chrX,chrX,19190,19214,153618315,153637504,+,153618315,153637504,154389955,154409168,+,1.00125,First Pass,Primary Assembly
Line:603,1,1,chrX,chrX,10871,10875,153629579,153640449,+,153629579,153640449,154401238,154412112,+,1.00037,First Pass,Primary Assembly
Line:604,1,1,chrX,chrX,10212,10209,153639854,153650065,+,153639854,153650065,154411518,154421726,+,0.99971,First Pass,Primary Assembly
Line:605,1,1,chrX,chrX,7885,7885,153656978,153664862,+,153656978,153664862,154428632,154436516,+,1,First Pass,Primary Assembly
Line:606,1,1,chrX,chrX,6549,6548,153665266,153671814,+,153665266,153671814,154436920,154443467,+,0.99985,First Pass,Primary Assembly
Line:607,1,1,chrX,chrX,6530,6529,153672473,153679002,+,153672473,153679002,154444126,154450654,+,0.99985,First Pass,Primary Assembly
Line:608,1,1,chrX,chrX,15369,15366,153686621,153701989,+,153686621,153701989,154458281,154473646,+,0.9998,First Pass,Primary Assembly
Line:609,1,1,chrX,chrX,1569,1570,153706028,153707596,+,153706028,153707596,154477688,154479257,+,1.00064,First Pass,Primary Assembly
Line:610,1,1,chrX,chrX,2954,2954,153712056,153715009,+,153712056,153715009,154483717,154486670,+,1,First Pass,Primary Assembly
Line:611,1,1,chrX,chrX,3372,3372,153715645,153719016,+,153715645,153719016,154487306,154490677,+,1,First Pass,Primary Assembly
Line:612,1,1,chrX,chrX,11217,11224,153733350,153744566,+,153733350,153744566,154505019,154516242,+,1.00062,First Pass,Primary Assembly
Line:613,1,1,chrX,chrX,16182,16182,153759606,153775787,+,153759606,153775787,154531391,154547572,+,1,First Pass,Primary Assembly
Line:614,1,1,chrX,chrX,27369,27353,153769414,153796782,+,153769414,153796782,154541199,154568551,+,0.99942,First Pass,Primary Assembly
Line:615,1,1,chrX,chrX,76330,76332,153903529,153979858,+,153903529,153979858,154675252,154751583,+,1.00003,First Pass,Primary Assembly
Line:616,1,1,chrX,chrX,14934,14934,153991031,154005964,+,153991031,154005964,154762756,154777689,+,1,First Pass,Primary Assembly
Line:617,1,1,chrX,chrX,42324,42324,154006959,154049282,+,154006959,154049282,154778684,154821007,+,1,First Pass,Primary Assembly
Line:618,1,1,chrX,chrX,191153,191153,154064063,154255215,+,154064063,154255215,154835788,155026940,+,1,First Pass,Primary Assembly
Line:619,1,1,chrX,chrX,1701,1701,154114635,154116335,+,154114635,154116335,154886360,154888060,+,1,First Pass,Primary Assembly
Line:620,1,1,chrX,chrX,34324,34324,154254255,154288578,+,154254255,154288578,155025980,155060303,+,1,First Pass,Primary Assembly
Line:621,1,1,chrX,chrX,9741,9741,154289897,154299637,+,154289897,154299637,155061622,155071362,+,1,First Pass,Primary Assembly
Line:622,1,1,chrX,chrX,86316,86316,154289897,154376212,+,154289897,154376212,155061622,155147937,+,1,First Pass,Primary Assembly
Line:623,1,1,chrX,chrX,51655,51655,154299695,154351349,+,154299695,154351349,155071420,155123074,+,1,First Pass,Primary Assembly
Line:624,1,1,chrX,chrX,42815,42811,154425284,154468098,+,154425284,154468098,155197007,155239817,+,0.99991,First Pass,Primary Assembly
Line:625,1,1,chrX,chrX,6349,6349,154487526,154493874,+,154487526,154493874,155258241,155264589,+,1,First Pass,Primary Assembly
Line:626,1,1,chrX,chrX,58467,58447,154505500,154563966,+,154505500,154563966,155276211,155334657,+,0.99966,First Pass,Primary Assembly
Line:627,1,1,chrX,chrX,145647,145647,154695631,154841277,+,154695631,154841277,155465970,155611616,+,1,First Pass,Primary Assembly
Line:628,1,1,chrX,chrX,179830,179830,154719776,154899605,+,154719776,154899605,155490115,155669944,+,1,First Pass,Primary Assembly
Line:629,1,1,chrX,chrX,14648,14648,154997474,155012121,+,154997474,155012121,155767812,155782459,+,1,First Pass,Primary Assembly
Line:630,1,1,chrX,chrX,62478,62477,155110956,155173433,+,155110956,155173433,155881293,155943769,+,0.99998,First Pass,Primary Assembly
Line:631,1,1,chrX,chrX,13237,13237,155227246,155240482,+,155227246,155240482,155997581,156010817,+,1,First Pass,Primary Assembly